Comment,Predicted,Ground truth
When can I apply for unemployment benefit?,[apply unemployment benefit ],[apply unemployment benefit ]
"My application was rejected for the unemployment benefit, what do I do now?",[application rejected unemployment benefit ],[application rejected unemployment benefit ]
How can I get an employer's form?,[get employers form ],[get employers form ]
Can I apply for unemployment benefits if I am directly after my resignation on holiday?,[apply unemployment benefits ],[apply unemployment benefits ]
What is a valid form of identification?,[valid form identification ],[valid form identification ]
How can I re-apply for unemployment benefit?,[unemployment benefit ],[apply unemployment benefit ]
specific question,[specific question ],[specific question ]
If the UWV decides about my unemployment claim?,[uwv decides unemployment claim ],[uwv decides unemployment claim ]
"I receive partial unemployment benefit and go to work fewer hours, I have to do a new unemployment claim?","[unemployment claim , unemployment benefit ]",[unemployment claim]
What does UWV after I sent in my application WW?,[uwv sent application ww ],[uwv sent application ww ]
How can I withdraw the application WW?,[withdraw application ww ],[withdraw application ww ]
What happens after I applied for unemployment benefits?,[unemployment benefits ],[unemployment benefit ]
How can I apply for unemployment benefits if I previously got all WW?,[apply unemployment benefits ],[apply unemployment benefit ]
What are the consequences if I have to apply for a DigiD and therefore my unemployment benefits after application?,[apply unemployment benefits ],[apply unemployment benefit ]
Can I receive unemployment benefits retroactively?,[unemployment benefits ],[unemployment benefit retroactively]
I've got a decision that I will get unemployment benefits. Can I withdraw my application WW?,[withdraw application ww ],[withdraw application ww ]
"I do not have identification, does this affect my benefits?",[identification affect benefits ],[identification affect benefits ]
How can I apply for unemployment benefit?,[apply unemployment benefit ],[apply unemployment benefit ]
Can I get unemployment benefits after my parental leave?,[get unemployment benefits parental leave ],[get unemployment benefits parental leave ]