Comment,Predicted,Ground truth
Should I stick a stamp on the return envelope?,[stick stamp return envelope ],[stick stamp return envelope ]
UWV has no answer number anymore?,[uwv answer number anymore ],[uwv answer number anymore ]
Can I receive from you certain forms?,[receive forms ],[receive forms ]
Did you receive my forms and documents?,[receive forms documents ],[receive forms documents ]
What documents I can send via My UWV?,[documents send via uwv ],[documents send via uwv ]
I received a letter with the request to contact in connection with the handling of my WW request.,[received letter request contact connection handling ww request ],[received letter request contact connection handling ww request ]
What does Notification entail?,[notification entail ],[notification entail ]
specific question,[specific question ],[specific question ]
"The data requested by UWV must be received within one week. This period is not feasible, you can take it into account?",[data requested uwv must received within one week period feasible take account ],[data requested uwv must received within one week period feasible take account ]
I received a letter with the request to contact if I am unemployed at a certain date.,[received letter request contact ],[received letter request contact ]
Can you send me a copy of the decision?,[send copy decision ],[send copy decision ]
"Why do you ask for a copy of the dismissal/resignation permission, these have you already?",[ask copy dismissalresignation permission already ],[ask copy dismissalresignation permission already ]
What do I need to send with the application WW?,[need send application ww ],[need send application ww ]
When can I send my documents via UWV?,[send documents via uwv ],[send documents via uwv ]
To which address should I send the documents?,[documents send ],[documents send ]
I receive mail that is not meant for me. What should I do with this?,[receive mail meant ],[receive mail meant ]
Can I get a copy of my digital completed the editing and Revenue Form WW?,[get copy digital completed editing revenue form ww ],[get copy digital completed editing revenue form ww ]
"I received a request to submit documents, but I have a question about that.",[received documents ],[received documents ]
What if I can not send documents via My UWV?,[send documents via uwv ],[send documents via uwv ]
"I received the request to submit documents, must be originals or copies?","[must received documents , must received request submit documents ]",[received documents ]
I received a notice. Can you give me information about this?,[received notice give information ],[received notice give information ]
Have you received the documents sent by me (or form)?,[received documents sent form ],[received documents sent form ]
I have questions about a received order.,[questions received order ],[questions received order ]