Comment,Predicted,Ground truth
Counts holiday pay in the calculation of the daily wage?,[daily wage ],[daily wage ]
Do I have to pay income tax and contributions on my unemployment benefits?,[pay income tax contributions unemployment benefits ],[pay income tax contributions unemployment benefits ]
What is the guaranteed wage?,[guaranteed wage ],[guaranteed wage ]
"Does parental leave before I was unemployed, affect the amount of my unemployment benefits?",[amount unemployment benefits ],[amount unemployment benefits ]
specific question,[specific question ],[specific question ]
What is the SV wages?,[sv wages ],[sv wages ]
How is my daily wage is determined as I had before WW and went to work for lower wages?,[lower wage ],[lower wage ]
When does the guarantee?,[guarantee ],[guarantee ]
What benefits will I get?,[benefits get ],[benefits get ]
Why is the difference between my gross and net unemployment benefit so big?,[difference gross net unemployment benefit big ],[difference gross net unemployment benefit big ]
How is the net amount of my unemployment benefits?,[amount unemployment benefits ],[amount unemployment benefits ]
What changes to the rules for determining the amount of my payment?,[changes rules determining amount payment ],[changes rules determining amount payment ]
Count my holidays not taken into account for the height of my daily wage?,[count holidays taken account height daily wage ],[count holidays taken account height daily wage ]
I already and unemployment have become unemployed again. How is my unemployment?,[already unemployment become unemployed unemployment ],[already unemployment become unemployed unemployment ]
I am made redundant from a job with a lower wage than before. What reward is now being used in the calculation of my unemployment benefits?,[lower wage ],[lower wage ]
How is the level of my daily wage?,[daily wage ],[daily wage ]