Comment,Predicted,Ground truth
"I may be in the early retirement, or other FPU early retirement. What happens to my unemployment benefits?",[ early retirement fpu early retirement happens unemployment benefits ],[ early retirement fpu early retirement happens unemployment benefits ]
"I work so many hours a week, I unemployed for less than 5 hours/less than half remain. How is it cut?",[work many hours week unemployed less hoursless half remain cut ],[work many hours week unemployed less hoursless half remain cut ]
When my unemployment benefit stops when I go to work?,[go work ],"[go work, unemployment benefits]"
What income do not affect my unemployment benefits?,[unemployment benefits ],[unemployment benefits ]
specific question,[specific question ],[specific question ]
I receive unemployment benefits. In addition I am or go to work as a freelancer. What happens to my benefits?,"[go work , receive unemployment benefits addition ]","[go work , receive unemployment benefits addition]"
"I have become partially unemployed, should I give all my earnings?",[become partially unemployed give earnings ],[become partially unemployed give earnings ]
What happens if I go in part to work?,[happens go part work ],[happens go part work ]
Why should I report my income to UWV?,[report income uwv ],[report income uwv ]
What if I have passed too much revenue to the UWV?,[passed uwv ],[passed uwv ]
What does UWV under work?,[uwv work ],[uwv work ]
"I receive unemployment benefits. In addition, I or am I going to work as independent. What happens to my benefits?",[receive unemployment benefits addition],"[go work, receive unemployment benefits addition]"
What if I have passed on UWV too little income?,[passed uwv ],[passed uwv ]
Will my year-end bonus or 13th month deducted from my unemployment benefits?,[deducted unemployment benefits ],[deducted unemployment benefits ]
When revenues are deducted from unemployment benefit instead of hours?,[deducted unemployment ],[deducted unemployment benefits ]
I work for a while as an independent but also now get an unemployment benefit. What happens to my self hours?,[get unemployment benefit ],[get unemployment benefit ]
I go back to work. How this will be deducted from my unemployment benefits?,[deducted unemployment benefits ],"[go work, deducted unemployment benefits ]"
I'm already expanding existing hours. How is it deducted from my unemployment benefits?,[deducted unemployment benefits ],[deducted unemployment benefits ]
I receive a pension. This is deducted from my unemployment benefits?,[deducted unemployment benefits ],[deducted unemployment benefits ]
I have an old and new unemployment law. Must I first time pass my hours and one time my income?,[old new unemployment law must first time pass hours one time income ],[old new unemployment law must first time pass hours one time income ]
I do not get unemployment because I earn too much this month. What does that mean for me?,[get unemployment earn much month mean ],[get unemployment earn much month mean ]