Comment,Predicted,Ground truth
Pre-populated data: What if I have passed more revenue than stand in the UWV data?,"[stand uwv , prepopulated data passed ]",[prepopulated data passed ]
I earn too much this month and therefore get no unemployment. What does that mean for me?,[earn much month therefore get unemployment mean ],[earn much month therefore get unemployment mean ]
General: Why do I get a reminder about completing the form Income Problem?,[general form income problem ],[general form income problem ]
Filling: I have had more than one employer in a month. What income do I have?,[filling one employer month income ],[filling one employer month income ]
Filling: I can not find my payslip my SV wages. What should I fill?,[filling find payslip sv wages fill ],[filling find payslip sv wages fill ]
Problem: I have to pay sv � 0 and further fill only the amount of holiday pay. What should I do if I get an error?,[problem pay sv fill amount holiday pay get error ],[problem pay sv fill amount holiday pay get error ]
Filling: I expect this month have no income. I can indicate that even before the end of the month?,"[filling income , filling month income ]",[filling month income]
Filling: What should I do if the employment which I became unemployed is not in the form Income Problem?,[filling income problem ],[filling income problem ]
Pre-populated data: Why UWV shows a different amount of income then I passed my form Income quoted last month?,[prepopulated data uwv shows different amount income passed form income quoted last month ],[prepopulated data uwv shows different amount]
Pre-populated data: The name of my employer missing. What now?,[prepopulated data ],[prepopulated data name of employer missing ]
Income form declaration (WWZ 1 7 2015),[form income ],[form income ]
Malfunction: I can not fill my Income Statement. Is this correct?,[income statement ],[income statement ]
Filling: I can enter only whole hours on my Income Statement. Is that right?,[filling enter whole hours income statement right ],[filling enter whole hours income statement right ]
Filling: Should I UWV benefits pass as income?,[filling income uwv ],[filling income uwv ]
Malfunction: I can not log into my UWV. Is that right?,[malfunction log uwv right ],[malfunction log uwv right ]
General: How do I report my income if I paid 4 weeks?,[report income ],[report income ]
General: When should I send the form Revenue Problem?,[general send form revenue problem ],[general send form revenue problem ]
General: Do I have to fill out the form Income quoted over the internet?,[general form income quoted ],[general form income quoted ]
Why should I report my income to UWV?,[report income uwv ],[report income uwv ]
Filling: I have not (yet) received a paycheck. What income do I have?,[filling yet received paycheck income ],[filling yet received paycheck income ]
Filling: I can not find my paycheck the paid holiday. What should I fill?,[filling find ],[filling find ]
General: Where can I find the form Income Problem?,[general form income problem ],[general form income problem ]
Filling: Should I pass my year-end bonus or 13th month on the Income Problem?,"[pass income problem , filling month income problem , filling income problem ]",[pass income problem]
General: Is my form Income quoted in yet?,[general form income quoted ],[general form income quoted ]
General: Where can I download the form Income quoted on uwv.nl?,[general form income quoted ],[general download form income quoted ]
Problem: I am having problems sending the form Income Statement.,[problem problems sending form income statement ],[problem problems sending form income statement ]
Prefilled data Where the amounts on the Income Problem come from?,[prefilled data amounts income problem come ],[prefilled data amounts income problem come ]
General: What happens when I send the form to let Revenue Problem?,"[general form revenue problem , general send form revenue problem ]",[general send form revenue problem ]
Filling: What should I mention on the form Earnings Quotation if I have no income?,[filling income quotation ],[filling income quotation ]
Filling: I get paid weekly. What amounts should I fill?,[filling get paid weekly amounts fill ],[filling get paid weekly amounts fill ]
Malfunction: I can my Income Quotation not pass for January. Is this correct?,[malfunction income quotation pass january correct ],[malfunction income quotation pass january correct ]
I have become partially unemployed. Should I give all my earnings?,[become partially unemployed give earnings ],[become partially unemployed give earnings ]
Prefilled data I enter for the first time my Income quoted in and I'm already filled revenue that I did not expect. How is that possible?,[already filled ],[already filled ]
Problem: I see earnings in the Revenue Estimate and can not put it to 0.,[see earnings ],[see earnings ]
specific question,[specific question ],[specific question ]
Prefilled data I see earnings already filled my Income Quotation I did not expect.,"[already filled , see earnings ]","[already filled , see earnings ]"
What should I include on my Income Problem?,[income problem ],[income problem ]
Filling: Should I give compensation in the form Income Problem?,[filling give ],[filling give compensation ]
General: When should I send the form Income quoted when I go on holiday?,[general send form income quoted ],[general send form income quoted ]
Problem: I have not received Income Statement. What now?,"[income received , income statement , income problem ]",[income statement ]
Pre-populated data: UWV shows a different amount than my own statement from last month.,"[last month , prepopulated data uwv shows different amount ]",[prepopulated data uwv shows different amount ]
"Filling: I received income before my 1st WW day, I have to give up this income?",[filling give ],[filling give ]
Filling: What should I do if I made a mistake when filling out the Income Problem?,[filling income problem ],[filling income problem ]
"Filling: I have this month income received relating to other periods, now what?",[income received ],[income received ]
Pre-populated data: What if I have passed on less income than stand in the UWV data?,"[stand uwv , prepopulated data passed ]",[prepopulated data passed ]