Comment,Predicted,Ground truth
I received a letter from the UWV about the interference My UWV. It states that my income is determined based on my income in October. Is this correct?,[received letter uwv interference uwv states income determined based income october correct ],[received letter uwv interference uwv states income determined based income october correct ]
I get a breakdown of my payment?,[get breakdown payment ],[get breakdown payment ]
I'm called by UWV to pass my income because of the interference My UWV. I have this also transmitted to the caller. Is this correct?,[im called uwv pass income interference ],[im called uwv pass income interference ]
Can I get an advance on my current unemployment benefit?,[unemployment benefit ],[current unemployment benefit ]
When is/are transferred my unemployment benefits?,[unemployment benefits ],[transferred unemployment benefits ]
Is my payment from January 2016 deducted the correct amount of income tax?,[amount payment ],[amount payment ]
Why is my benefit paid monthly and not every 4 weeks? (conversion),[benefit paid monthly every weeks conversion ],[benefit paid monthly every weeks conversion ]
specific question,[specific question ],[specific question ]
When I get back overpaid contribution Health Insurance (Health Insurance Act)?,[get back overpaid contribution health insurance health insurance act ],[get back overpaid contribution health insurance health insurance act ]
Why did you change the amount of my payment?,[change amount payment ],[change amount payment ]
When will I receive the first payment of my unemployment benefits?,[receive first payment unemployment benefits ],[receive first payment unemployment benefits ]
I'm called by UWV to pass my income because of the interference My UWV. Is this correct?,[im called uwv pass income interference ],[im called uwv pass income interference ]
Why is my unemployment benefit less than the sickness benefit?,[unemployment benefit less sickness benefit ],[unemployment benefit less sickness benefit ]