Comment,Predicted,Ground truth
reporting sick,[reporting sick ],[reporting sick ]
I want to report me sick,[want report ],[want report ]
What should I do if I have an unemployment benefit and should be in detention?,[unemployment benefit detention ],[unemployment benefit detention ]
I want to report a change,[want report change ],[want report change ]
RECOVERY REPORT,[recovery report ],[recovery report ]
What happens to my unemployment benefits if I go abroad for any reason other than vacation?,[happens unemployment benefits go abroad reason vacation ],[happens unemployment benefits go abroad reason vacation ]
specific question,[specific question ],[specific question ]
Change form: What should I do if I made a mistake in completing the change form WW?,[change form ww ],[change form mistake ww ]
Change Form: When should I submit my change form WW?,[change form submit change form ww ],[change form submit change form ww ]
Change form: Is my amendment form WW already inside?,[change form ww ],[change form amendment ww ]