Comment,Predicted,Ground truth
What is the status of my application WW?,[status application ww ],[status application ww ]
Can I get an advance on my unemployment benefits?,[get advance unemployment benefits ],[get advance unemployment benefits ]
How much is the deposit?,[much deposit ],[much deposit ]
"I want to check the status of my application on my WW UWV, but this application does not work.","[check status application ww , status application ww uwv ]",[status application ww uwv ]
specific question,[specific question ],[specific question ]
How can I check the status of my application WW?,[check status application ww ],[check status application ww ]
Can I get an advance on the first month of my unemployment benefits?,[get advance unemployment benefits ],[get advance unemployment benefits ]
"I view the status of my application via WW My UWV, but the data do not match.",[status application ww uwv ],[status application ww uwv ]
I got a call from one of the UWV in connection with applying for unemployment benefits.,[unemployment benefits ],[unemployment benefits ]
When I'm not advance?,[im advance ],[im advance ]