Comment,Predicted,Ground truth
General: What is a job activity?,[general job activity ],[general job activity ]
Job Duty: Should I apply my benefit during WW?,[job duty apply ],[job duty apply ]
Job Duty: Should I apply if I am sick?,[job duty apply ],[job duty apply ]
Job Duty: Why do I receive in my Workbook task 'yet Submit application activity to us? (Pilot),"[job duty application , job activity ]",[job duty application ]
Exemption: In what situations I need to apply?,[apply exemption ],[apply exemption ]
Exemption: Can I get an exemption from my duties at a serious event in my private life?,[exemption get exemption duties serious event private life ],[exemption get exemption duties serious event private life ]
"Online assessment: I have read the online assessment, I must now do something else?",[online assessment read online assessment must something else ],[online assessment read online assessment must something else ]
Job Duty: Should I apply in a bankruptcy benefit?,[job duty apply bankruptcy benefit ],[job duty apply bankruptcy benefit ]
General: What is a webinar?,[general webinar ],[general webinar ]
"Exemption: I am exempt from the obligation to seek, what happened to them when I do go back to work?",[go back work ],[exemption obligation seek work im going ]
"Exemption: I have an exemption from the obligation to seek work, because I'm going to work. What happens expires when this exemption?",[exemption obligation seek work im going ],[exemption obligation seek work im going ]
Job Duty: What happens if I do not like to apply enough?,[job duty happens like apply enough ],[job duty happens like apply enough ]
Job Duty: What does the obligation to seek work in?,[obligation seek work ],[obligation seek work ]
"Job Duty: How do I get my applications by the task ""Passing Your application activities"" not in my workbook?","[job duty get , applications task passing ]",[applications task passing ]
Job Duty: I completely to work. Should I continue to apply?,[job duty completely work continue apply ],[job duty apply ]
Overall: I do not understand something that the consultant work told me recently about applying for other jobs than I'm looking for. Can I speak once the consultant work?,[overall understand something consultant work told recently applying jobs im looking speak consultant work ],[overall understand something consultant work told recently applying jobs im looking speak consultant work ]
Job Duty: I can not work with a computer. How do I transfer my application activities UWV?,[job duty work computer transfer application activities uwv ],[job duty work computer transfer application activities uwv ]
Exemption: I am sick and can not meet my application requirement,[exemption sick meet application requirement ],[exemption sick meet application requirement ]
"Online assessment: I see an appointment in my workbook an online evaluation, what should I do?",[online assessment ],[online assessment ]
Job Duty: Do I have job duty during the training?,[job duty ],[job duty training]
Exemption: Get me if I an exemption from the obligation to seek not know for how long I can go to work?,[obligation seek ],[exemption obligation seek work im going ]
General: How long should I keep my applications for unemployment benefits?,[general long keep applications unemployment benefits ],[general long keep applications unemployment benefits ]
Job Duty: How often should I apply?,[job duty often apply ],[job duty apply ]
Duty job: I work full time. Why do I still apply?,[job duty apply ],[job duty apply ]
Job Duty: How can I make my job activities that I have passed on again?,"[job duty , job activities ]","[job duty , job activities ]"
Job Duty: How do I give my applications?,[job duty ],[job duty applications]
specific question,[specific question ],[specific question ]
"Application: I want to give my applications using the task ""by giving your application activities, but my DigiD is not working. What now?","[application activities task , give applications task ]",[application activities task ]
Job Duty: What should I do if I'm late with the passing of my job activities? (Task completed: by giving sufficient applications),[job duty im late passing ],[job duty im late passing ]
Job Duty: Can I get help using the Workbook and werk.nl?,[job duty get ],[job duty get help]
Job Duty: Should I apply if I go back to work?,[job duty apply go back work ],[job duty apply go back work ]
Waiver: How do I apply an exemption from duty to my application?,[apply exemption ],[apply exemption ]
General: Do I have to attend a webinar?,[general attend webinar ],[general attend webinar ]
Exemption: I get an exemption from the obligation to seek work if I'm going to work for less than three months?,[exemption obligation seek work im going ],[exemption obligation seek work im going ]
Job Duty: What should I do if I'm late with the passing of my job activities? (Task has expired),[job duty im late passing ],[job duty im late passing ]
Job Duty: Why should I apply?,[job duty apply ],[job duty apply ]