Comments,Predicted,GT
Can I apply for unemployment benefits if I am directly after my resignation on holiday?,"[apply unemployment benefits directly resignation holiday ]","[apply unemployment benefits directly resignation holiday ]"
May I apply for unemployment benefits if I am directly after my resignation on holiday?,"[apply unemployment benefits directly resignation holiday ]","[apply unemployment benefits directly resignation holiday ]"
Tell me if I should apply for unemployment benefits if I am directly after my resignation on holiday?,"[apply unemployment benefits directly resignation holiday ]","[apply unemployment benefits directly resignation holiday ]"
Do I apply for unemployment benefits if I am directly after my resignation on holiday?,"[apply unemployment benefits directly resignation holiday ]","[apply unemployment benefits directly resignation holiday ]"
Help me regarding if I should apply for unemployment benefits if I am directly after my resignation on holiday?,"[apply unemployment benefits directly resignation holiday , help regarding ]","[apply unemployment benefits directly resignation holiday ]"
Let me know if I could apply for unemployment benefits if I am directly after my resignation on holiday?,"[apply unemployment benefits directly resignation holiday , let know could ]","[apply unemployment benefits directly resignation holiday ]"
"",,
Can I get unemployment benefits after my parental leave?,"[unemployment benefits ]","[unemployment benefits, parental leave ]"
"",,
Can I receive unemployment benefits retroactively?,"[receive unemployment benefits retroactively ]","[receive unemployment benefits retroactively ]"
Help me regarding if I should receive unemployment benefits retroactively?,"[help regarding , receive unemployment benefits retroactively ]","[receive unemployment benefits retroactively ]"
Should I receive unemployment benefits retroactively?,"[receive unemployment benefits retroactively ]","[receive unemployment benefits retroactively ]"
Let me know if I could receive unemployment benefits retroactively?,"[let know could , receive unemployment benefits retroactively ]","[receive unemployment benefits retroactively ]"
Tell me if I should receive unemployment benefits retroactively?,"[receive unemployment benefits retroactively ]","[receive unemployment benefits retroactively ]"
May I receive unemployment benefits retroactively?,"[receive unemployment benefits retroactively ]","[receive unemployment benefits retroactively ]"
"",,
How can I apply for unemployment benefit?,"[apply unemployment benefit ]","[apply unemployment benefit ]"
Kindly describe how might you apply for unemployment benefit?,"[kindly describe might ]","[apply unemployment benefit ]"
Show how may one apply for unemployment benefit?,"[show  one apply unemployment benefit ]","[apply unemployment benefit ]"
With examples kindly tell how will one apply for unemployment benefit?,"[one apply unemployment benefit , tell apply unemployment benefit , examples kindly ]","[apply unemployment benefit ]"
Tell how may you apply for unemployment benefit?,"[tell  , tell apply unemployment benefit ]","[apply unemployment benefit ]"
Describe how would I apply for unemployment benefit?,"[would apply unemployment benefit ]","[apply unemployment benefit ]"
"",,
How can I apply for unemployment benefits if I previously got all WW?,"[apply unemployment benefits previously got ww ]","[apply unemployment benefits previously got ww ]"
Kindly illustrate me how could I apply for unemployment benefits if i previously got all WW?,"[could apply unemployment benefits previously got ww , apply unemployment benefits previously got ww ]","[apply unemployment benefits previously got ww ]"
With examples kindly show me how shall I apply for unemployment benefits if i previously got all WW?,"[show shall , kindly show , apply unemployment benefits previously got ww ]","[apply unemployment benefits previously got ww ]"
Illustrate me how would you apply for unemployment benefits if i previously got all WW?,"[would apply unemployment benefit , apply unemployment benefits previously got ww ]","[apply unemployment benefits previously got ww ]"
Show how can one apply for unemployment benefits if i previously got all WW?,"[one apply unemployment benefits previously got ww , apply unemployment benefits previously got ww ]","[apply unemployment benefits previously got ww ]"
Tell me how might one apply for unemployment benefits if i previously got all WW?,"[one apply unemployment benefits previously got ww , apply unemployment benefits previously got ww ]","[apply unemployment benefits previously got ww ]"
"",,
How can I get an employer's form?,"[get employers form ]","[get employers form ]"
"",,
How can I re-apply for unemployment benefit?,"[reapply unemployment benefit ]","[reapply unemployment benefit ]"
Show how shall you re-apply for unemployment benefit?,"[show shall , reapply unemployment benefit ]","[reapply unemployment benefit ]"
Kindly describe me how might you re-apply for unemployment benefit?,"[reapply unemployment benefit , kindly describe might ]","[reapply unemployment benefit ]"
With examples kindly describe me how may i re-apply for unemployment benefit?,"[examples kindly describe , reapply unemployment benefit ]","[reapply unemployment benefit ]"
Please illustrate me how can i re-apply for unemployment benefit?,"[reapply unemployment benefit ]","[reapply unemployment benefit ]"
Tell how will i re-apply for unemployment benefit?,"[reapply unemployment benefit ]","[reapply unemployment benefit ]"
"",,
How can I withdraw the application WW?,"[withdraw application ww ]","[withdraw application ww ]"
Please tell how may one withdraw the application WW?,"[withdraw application ww ]","[withdraw application ww ]"
Describe how shall I withdraw the application WW?,"[withdraw application ww , shall withdraw application ww ]","[withdraw application ww ]"
Kindly show me how might I withdraw the application WW?,"[withdraw application ww , kindly show ]","[withdraw application ww ]"
How shall you withdraw the application WW?,"[withdraw application ww , shall withdraw application ww ]","[withdraw application ww ]"
Tell how can I withdraw the application WW?,"[withdraw application ww ]","[withdraw application ww ]"
"",,
I do not have identification does this affect my benefits?,"[identification affect benefits ]","[identification affect benefits ]"
"",,
I receive partial unemployment benefit and go to work fewer hours I have to do a new unemployment claim?,"[unemployment claim , unemployment benefit ]","[unemployment claim , unemployment benefit ]"
"",,
I've got a decision that I will get unemployment benefits. Can I withdraw my application WW?,"[withdraw application ww ]","[withdraw application ww ]"
"",,
If the UWV decides about my unemployment claim?,"[uwv decides unemployment claim ]","[uwv decides unemployment claim ]"
"",,
My application was rejected for the unemployment benefit what do I do now?,"[unemployment benefit ]","[unemployment benefits, application rejected ]"
"",,
What are the consequences if I have to apply for a DigiD and therefore my unemployment benefits after application?,"[apply unemployment benefits ]","[apply DigiD unemployment benefits ]"
"",,
What does UWV after I sent in my application WW?,"[application ww ]","[sent application ww ]"
I would like to know about what UV after I sent in my application WW?,"[uv sent application ww ]","[sent application ww ]"
What did UV after I sent in my application WW?,"[sent application ww ]","[sent application ww ]"
Is it possible to describe UV after I sent in my application WW?,"[describe uv sent application ww ]","[sent application ww ]"
Can you describe what UV after I sent in my application WW?,"[describe uv sent application ww ]","[sent application ww ]"
"",,
What happens after I applied for unemployment benefits?,"[unemployment benefits ]","[unemployment benefits ]"
"",,
What is a valid form of identification?,"[valid form identification ]","[valid form identification ]"
"",,
When can I apply for unemployment benefit?,"[apply unemployment benefit ]","[apply unemployment benefit ]"
"",,
specific question,"[specific question ]","[specific question ]"