Comment,Predicted,Ground truth
I have no passport or identity card. Can I take my driver's license?,[passport identity card take drivers license ],[passport identity card take drivers license ]
When paid my travel expenses?,[paid travel expenses ],[paid travel expenses ]
I'm not called back following an appointment. What should I do?,[im called back following appointment ],[im called back following appointment ]
When are my expenses reimbursed for appointments at UWV?,[expenses reimbursed appointments uwv ],[expenses reimbursed appointments uwv ]
I receive a benefit from UWV or have one made and want to cancel my appointment (with the consultant work) (valid reason),"[receive benefit uwv one made want cel valid reason , receive benefit uwv one made want appointment consultant work cel valid reason ]",[want cancel appointment ]
I want to cancel my appointment for the workshop,"[want cel appointment workshop , want appointment workshop ]",[want cancel appointment ]
I do not receive payment from the UWV and want to cancel my appointment (with the consultant work).,"[want appointment uwv , want cel appointment uwv ]",[want cancel appointment ]
I was invited for an evaluation. What this conversation means?,[invited evaluation conversation means ],[invited evaluation conversation means ]
I got a call saying that I need to bring my applications. Why is that? The call will include about anywhere else.,[got call saying need bring applications call include anywhere else ],[got call saying need bring applications call include anywhere else ]
I do not agree with the content of the interview report of the consultant work. What can I do about it?,[consultant work ],[consultant work ]
I want to make an appointment with a consultant work.,[want appointment consultant work ],[want appointment consultant work ]
I have been asked to contact a member of the UWV,[asked contact member uwv ],[asked contact member uwv ]
I'd like another consultant work. How do I arrange that?,[consultant work ],[consultant work ]
I need to get an appointment with an advisor work. Should I bring any special papers?,[need get appointment advisor work bring special papers ],[need get appointment advisor work bring special papers ]
I have only one call after 3 months. It is still possible to rather get a call?,[one call months still possible rather get call ],[one call months still possible rather get call ]
I had a conversation with the consultant work and there is a re integrating advice requested for me. What about this?,[consultant work ],[consultant work ]
I want to unsubscribe for a speed date,[want unsubscribe speed date ],[want unsubscribe speed date ]
I'm late for my appointment. What should I do?,[im late appointment ],[im late appointment ]
I always like to apply by phone and have no letters. What should I bring?,[always like apply phone letters bring ],[always like apply phone letters bring ]
I have an appointment with UWV but have not all the evidence complete. Will the appointment by now?,[appointment uwv evidence complete appointment ],[appointment uwv evidence complete appointment ]
I'm not appeared on my appointment. What should I do?,[im appeared appointment ],[im appeared appointment ]
specific question,[specific question ],[specific question ]
I want to cancel my appointment/move with the consultant job,[want cel appointmentmove consultant job ],[want cancel appointment ]
I want to move my appointment for the workshop,[want appointment ],[want move appointment ]
I got a letter for an interview with a counselor job. Why am I calling?,[got letter interview counselor job calling ],[got letter interview counselor job calling ]
I receive a benefit from UWV or have one made and want my appointment (with the consultant work) cancel (no valid reason).,[receive benefit uwv one made want appointment consultant work cel valid reason ],[want cancel appointment ]
What time/when/with whom I have my appointment?,[timewhenwith appointment ],[timewhenwith appointment ]
I get unemployment benefits. When I have an interview for the first time?,[get unemployment benefits interview first time ],[get unemployment benefits interview first time ]