Comments,Predicted,GT
Can I get a copy of my digital completed the editing and Revenue Form WW?,"[get copy digital completed editing revenue form ww ]","[get copy digital completed editing revenue form ww ]"
"",,
Can I receive from you certain forms?,"[receive certain forms ]","[receive certain forms ]"
May I receive from you certain forms?,"[receive certain forms ]","[receive certain forms ]"
Should I receive from you certain forms?,"[receive certain forms ]","[receive certain forms ]"
Let me know if I should receive from you certain forms?,"[receive certain forms ]","[receive certain forms ]"
Would I receive from you certain forms?,"[receive certain forms ]","[receive certain forms ]"
Help me regarding if I should receive from you certain forms?,"[help regarding , receive certain forms ]","[receive certain forms ]"
"",,
Can you send me a copy of the decision?,"[send copy decision ]","[send copy decision ]"
Let me know if you should send me a copy of the decision?,"[send copy decision ]","[send copy decision ]"
Tell me if you should send me a copy of the decision?,"[send copy decision ]","[send copy decision ]"
Would you send me a copy of the decision?,"[send copy decision , would send copy decision ]","[send copy decision ]"
Do you send me a copy of the decision?,"[send copy decision ]","[send copy decision ]"
Should you send me a copy of the decision?,"[send copy decision ]","[send copy decision ]"
"",,
Did you receive my forms and documents?,"[receive forms documents ]","[receive forms documents ]"
"",,
Have you received the documents sent by me (or form)?,[received documents sent form ],"[receive forms documents ]"
"",,
I have questions about a received order.,"[questions received order ]","[questions received order ]"
"",,
I receive mail that is not meant for me. What should I do with this?,"[receive mail meant ]","[receive mail meant ]"
"",,
I received a letter with the request to contact if I am unemployed at a certain date.,"[received letter request contact ]","[received letter request contact ]"
"",,
I received a letter with the request to contact in connection with the handling of my WW request.,"[received letter request contact connection handling ww request ]","[received letter request contact connection handling ww request ]"
"",,
I received a notice. Can you give me information about this?,"[received notice give information ]","[received notice give information ]"
"",,
I received a request to submit documents but I have a question about that.,"[received documents ]","[received documents ]"
"",,
I received the request to submit documents must be originals or copies?,"[must received documents , must received request submit documents ]","[received documents ]"
"",,
Should I stick a stamp on the return envelope?,"[stick stamp return envelope ]","[stick stamp return envelope ]"
Do I stick a stamp on the return envelope?,"[stick stamp return envelope ]","[stick stamp return envelope ]"
Let me know if I could stick a stamp on the return envelope?,"[stick stamp return envelope ]","[stick stamp return envelope ]"
Would I stick a stamp on the return envelope?,"[stick stamp return envelope ]","[stick stamp return envelope ]"
Help me regarding if I should stick a stamp on the return envelope?,"[stick stamp return envelope , help regarding ]","[stick stamp return envelope ]"
May I stick a stamp on the return envelope?,"[stick stamp return envelope ]","[stick stamp return envelope ]"
"",,
The data requested by UWV must be received within one week. This period is not feasible you can take it into account?,"[data requested uwv must received within one week period feasible take account ]","[data requested uwv must received within one week period feasible take account ]"
"",,
To which address should I send the documents?,"[documents send ]","[documents send ]"
"",,
UWV has no answer number anymore?,"[uwv answer number anymore ]","[uwv answer number anymore ]"
"",,
What do I need to send with the application WW?,"[need send application ww ]","[need send application ww ]"
"",,
What documents I can send via My UWV?,"[documents send via uwv ]","[documents send via uwv ]"
Can you tell me what documents I can send via my UWV?,"[documents send via uwv ]","[documents send via uwv ]"
Please let me know what documents I can send via my UWV?,"[documents send via uwv , let know documents send via uwv ]","[documents send via uwv ]"
I would like to know what documents I can send via my UWV?,"[documents send via uwv , would like know documents send via uwv ]","[documents send via uwv ]"
May I get to know what documents I can send via my UWV?,"[documents send via uwv , get know documents send via uwv ]","[documents send via uwv ]"
Is it possible to know what documents I can send via my UWV?,"[documents send via uwv , possible know documents send via uwv ]","[documents send via uwv ]"
"",,
What does Notification entail?,"[notification entail ]","[notification entail ]"
Is there a way to know about what notification entail?,"[way know notification entail ]","[notification entail ]"
Can you describe what notification entail?,"[notification entail ]","[notification entail ]"
What do notification entail?,"[notification entail ]","[notification entail ]"
I would like to know about what notification entail?,"[would like know notification entail ]","[notification entail ]"
"",,
What if I can not send documents via My UWV?,"[send documents via uwv , documents via uwv ]","[send documents via uwv ]"
May I get to know what if I can not send documents via my UWV?,"[send documents via uwv , get know send documents via uwv , documents via uwv ]","[send documents via uwv ]"
I would like to know what if I can not send documents via my UWV?,"[send documents via uwv , would like know send documents via uwv , documents via uwv ]","[send documents via uwv ]"
Can you tell me what if I can not send documents via my UWV?,"[send documents via uwv , documents via uwv ]","[send documents via uwv ]"
Please tell me what if I can not send documents via my UWV?,"[send documents via uwv , documents via uwv ]","[send documents via uwv ]"
Is it possible to know what if I can not send documents via my UWV?,"[send documents via uwv , documents via uwv , possible know send documents via uwv ]","[send documents via uwv ]"
"",,
When can I send my documents via UWV?,"[send documents via uwv , documents via uwv ]","[send documents via uwv ]"
When would I send my documents via UWV?,"[send documents via uwv , documents via uwv , would send documents via uwv ]","[send documents via uwv ]"
Tell me when I can be able to send my documents via UWV?,"[send documents via uwv , documents via uwv ]","[send documents via uwv ]"
Let me know when I can be able to send my documents via UWV?,"[send documents via uwv , let know able send documents via uwv , documents via uwv ]","[send documents via uwv ]"
Please let me know when I can be able to send my documents via UWV?,"[send documents via uwv , let know able send documents via uwv , documents via uwv ]","[send documents via uwv ]"
"",,
Why do you ask for a copy of the dismissal/resignation permission these have you already?,"[ask copy dismissalresignation permission already ]","[ask copy dismissalresignation permission already ]"
"",,
specific question,"[specific question ]","[specific question ]"