Comment,Predicted,GT
Count my holidays not taken into account for the height of my daily wage?,"[daily wage ]","[daily wage ]"
"",,
Counts holiday pay in the calculation of the daily wage?,"[daily wage ]","[daily wage ]"
"",,
Do I have to pay income tax and contributions on my unemployment benefits?,"[pay income tax contributions unemployment benefits ]","[pay income tax contributions unemployment benefits ]"
Tell me if I should have to pay income tax and contributions on my unemployment benefits?,"[pay income tax contributions unemployment benefits ]","[pay income tax contributions unemployment benefits ]"
Let me know if I could have to pay income tax and contributions on my unemployment benefits?,"[pay income tax contributions unemployment benefits , let know ]","[pay income tax contributions unemployment benefits ]"
Should i have to pay income tax and contributions on my unemployment benefits?,"[pay income tax contributions unemployment benefits ]","[pay income tax contributions unemployment benefits ]"
Would i have to pay income tax and contributions on my unemployment benefits?,"[would pay income tax contributions unemployment benefits ]","[pay income tax contributions unemployment benefits ]"
May i have to pay income tax and contributions on my unemployment benefits?,"[pay income tax contributions unemployment benefits ]","[pay income tax contributions unemployment benefits ]"
"",,
Does parental leave before I was unemployed affect the amount of my unemployment benefits?,"[amount unemployment benefits ]","[amount unemployment benefits ]"
"",,
How is my daily wage is determined as I had before WW and went to work for lower wages?,"[daily wage determined ww went work lower wages ]","[daily wage determined ww went work lower wages ]"
Can you tell me how is my daily wage is determined as I had before WW and went to work for lower wages?,"[daily wage determined ww went work lower wages ]","[daily wage determined ww went work lower wages ]"
Are there ways to know how is my daily wage is determined as I had before WW and went to work for lower wages?,"[daily wage determined ww went work lower wages , know daily wage determined ww went work lower wages ]","[daily wage determined ww went work lower wages ]"
Illustrate how is my daily wage is determined as I had before WW and went to work for lower wages?,"[daily wage determined ww went work lower wages ]","[daily wage determined ww went work lower wages ]"
Please tell me how is my daily wage is determined as I had before WW and went to work for lower wages?,"[daily wage determined ww went work lower wages ]","[daily wage determined ww went work lower wages ]"
May I know how is my daily wage is determined as I had before WW and went to work for lower wages?,"[daily wage determined ww went work lower wages , know daily wage determined ww went work lower wages ]","[daily wage determined ww went work lower wages ]"
"",,
How is the level of my daily wage?,"[level daily wage ]","[level daily wage ]"
I would like to know how is the level of my daily wage?,"[know level daily wage ]","[level daily wage ]"
Can I know how is the level of my daily wage?,"[know level daily wage ]","[level daily wage ]"
Do you know how is the level of my daily wage?,"[know level daily wage ]","[level daily wage ]"
Explain how is the level of my daily wage?,"[explain level daily wage ]","[level daily wage ]"
What is the process behind is the level of my daily wage?,"[level daily wage ]","[level daily wage ]"
"",,
How is the net amount of my unemployment benefits?,"[net unemployment benefits ]","[net unemployment benefits ]"
May I know how is the net amount of my unemployment benefits?,"[know net amount unemployment benefits ]","[net unemployment benefits ]"
Illustrate how is the net amount of my unemployment benefits?,"[net unemployment benefits , net amount unemployment benefits ]","[net unemployment benefits ]"
Do you know how is the net amount of my unemployment benefits?,"[know net amount unemployment benefits ]","[net unemployment benefits ]"
Can you tell me how is the net amount of my unemployment benefits?,"[net unemployment benefits , net amount unemployment benefits ]","[net unemployment benefits ]"
Explain how is the net amount of my unemployment benefits?,"[net unemployment benefits , net amount unemployment benefits ]","[net unemployment benefits ]"
"",,
I already and unemployment have become unemployed again. How is my unemployment?,"[already unemployment become unemployed unemployment ]","[already unemployment become unemployed unemployment ]"
"",,
I am made redundant from a job with a lower wage than before. What reward is now being used in the calculation of my unemployment benefits?,"[unemployment benefits ]","[unemployment benefits ]"
"",,
What benefits will I get?,"[benefits get ]","[benefits get ]"
"",,
What changes to the rules for determining the amount of my payment?,"[changes rules determining amount payment ]","[changes rules determining amount payment ]"
Can you tell me what changes to the rules for determining the amount of my payment?,"[tell changes rules determining amount payment ]","[changes rules determining amount payment ]"
Please tell me what changes to the rules for determining the amount of my payment?,"[please tell changes rules determining amount payment ]","[changes rules determining amount payment ]"
May I get to know what changes to the rules for determining the amount of my payment?,"[know changes rules determining amount payment , get know changes rules determining amount payment ]","[changes rules determining amount payment ]"
I would like to know what changes to the rules for determining the amount of my payment?,"[know changes rules determining amount payment , would like know changes rules determining amount payment ]","[changes rules determining amount payment ]"
Is it possible to know what changes to the rules for determining the amount of my payment?,"[know changes rules determining amount payment ]","[changes rules determining amount payment ]"
"",,
What is the SV wages?,"[sv wages ]","[sv wages ]"
May I get to know what is the so wages?,"[know wages , get know wages ]","[know wages ]"
Please let me know what is the so wages?,"[know wages ]","[know wages ]"
Describe the so wages?,"[describe wages ]","[describe wages ]"
Can you describe the so wages?,"[describe wages ]","[describe wages ]"
I would like to know what is the so wages?,"[know wages , would like know wages ]","[know wages ]"
"",,
What is the guaranteed wage?,"[guaranteed wage ]","[guaranteed wage ]"
Please describe what is the guaranteed wage?,"[describe guaranteed wage ]","[guaranteed wage ]"
How do you describe the guaranteed wage?,"[describe guaranteed wage ]","[guaranteed wage ]"
May I get to know what is the guaranteed wage?,"[know guarantee ]","[guaranteed wage ]"
Can you tell me what is the guaranteed wage?,"[guaranteed wage ]","[guaranteed wage ]"
Describe the guaranteed wage?,"[describe guaranteed wage ]","[guaranteed wage ]"
"",,
When does the guarantee?,"[guarantee ]","[guarantee ]"
I would like to know when does the guarantee?,"[know guarantee ]","[guarantee ]"
Can you tell me when does the guarantee?,"[tell guarantee ]","[guarantee ]"
Is it possible to know when does the guarantee?,"[know guarantee , possible know guarantee ]","[guarantee ]"
May I get to know when does the guarantee?,"[know guarantee ]","[guarantee ]"
"",,
Why is the difference between my gross and net unemployment benefit so big?,"[difference gross net unemployment benefit big ]","[difference gross net unemployment benefit big ]"
Please show me why will one the difference between my gross and net unemployment benefit so big?,"[show one difference gross net unemployment benefit big ]","[difference gross net unemployment benefit big ]"
Show why should one the difference between my gross and net unemployment benefit so big?,"[show one difference gross net unemployment benefit big ]","[difference gross net unemployment benefit big ]"
Kindly tell me why can i the difference between my gross and net unemployment benefit so big?,"[difference gross net unemployment benefit big ]","[difference gross net unemployment benefit big ]"
Illustrate why may i the difference between my gross and net unemployment benefit so big?,"[illustrate  difference gross net unemployment benefit big ]","[difference gross net unemployment benefit big ]"
With examples kindly show why would i the difference between my gross and net unemployment benefit so big?,"[difference gross net unemployment benefit big ]","[difference gross net unemployment benefit big ]"
"",,
specific question,"[specific question ]","[specific question ]"