Comments,Predicted,GT
I do not get unemployment because I earn too much this month. What does that mean for me?,"[get unemployment earn much month mean ]","[get unemployment earn much month mean ]"
"",,
I earn too much this month and therefore get no unemployment. What does that mean for me?,"[get unemployment earn much month mean ]","[get unemployment earn much month mean ]"
"",,
I go back to work. How this will be deducted from my unemployment benefits?,"[deducted unemployment benefits ]","[deducted unemployment benefits ]"
I go back to work. Will this be deducted from my unemployment benefits?,"[deducted unemployment benefits ]","[deducted unemployment benefits ]"
"",,
I have an old and new unemployment law. Must I first time pass my hours and one time my income?,"[old new unemployment law must first time pass hours one time income ]","[old new unemployment law must first time pass hours one time income ]"
"",,
I have become partially unemployed should I give all my earnings?,"[become partially unemployed give earnings ]","[become partially unemployed give earnings ]"
"",,
I may be in the early retirement or other FPU early retirement. What happens to my unemployment benefits?,"[early retirement fpu early retirement happens unemployment benefits ]","[early retirement fpu early retirement happens unemployment benefits ]"
"",,
I receive a pension. This is deducted from my unemployment benefits?,"[deducted unemployment benefits ]","[deducted unemployment benefits ]"
"",,
I receive unemployment benefits. In addition I am or go to work as a freelancer. What happens to my benefits?,"[receive unemployment benefits addition ]","[receive unemployment benefits addition ]"
"",,
I receive unemployment benefits. In addition I or am I going to work as independent. What happens to my benefits?,"[receive unemployment benefits addition ]","[receive unemployment benefits addition ]"
"",,
I work for a while as an independent but also now get an unemployment benefit. What happens to my self hours?,"[get unemployment benefit ]","[get unemployment benefit ]"
"",,
I work so many hours a week I unemployed for less than 5 hours/less than half remain. How is it cut?,"[work many hours week unemployed less hoursless half remain cut ]","[work many hours week unemployed less hoursless half remain cut ]"
"",,
I'm already expanding existing hours. How is it deducted from my unemployment benefits?,"[deducted unemployment benefits ]","[deducted unemployment benefits ]"
"",,
What does UWV under work?,"[uwv work ]","[uwv work ]"
Is there a way to know about what UV under work?,"[know uv work ]","[uv work ]"
What do UV under work?,"[uv work ]","[uv work ]"
Can you describe what UV under work?,"[uv work ]","[uv work ]"
I would like to know about what UV under work?,"[know uv work , would like know uv ]","[uv work ]"
"",,
What happens if I go in part to work?,"[happens go part work ]","[happens go part work ]"
I would like to know what happens if I go in part to work?,"[would like know happens go work , would like know happens go part work ]","[happens go part work ]"
Can you tell me what happens if I go in part to work?,"[happens go part work ]","[happens go part work ]"
Is it possible to know what happens if I go in part to work?,"[possible know happens go part work ]","[happens go part work ]"
Please tell me what happens if I go in part to work?,"[please tell happens go part work , please tell happens go work ]","[happens go part work ]"
May I get to know what happens if I go in part to work?,"[happens go part work , happens go work ,  get know ]","[happens go part work ]"
"",,
What if I have passed on UWV too little income?,"[passed uwv ]","[passed uwv ]"
Please tell me what if i have passed on UV too little income?,"[please tell passed uv little income ]","[passed uv little income ]"
May I get to know what if i have passed on UV too little income?,"[get know passed uv little income ]","[passed uv little income ]"
Can you tell me what if i have passed on UV too little income?,"[tell passed uv little income ]","[passed uv little income ]"
I would like to know what if i have passed on UV too little income?,"[would like know passed uv little income ]","[passed uv little income ]"
Is it possible to know what if i have passed on UV too little income?,"[possible know passed uv little income ]","[passed uv little income ]"
"",,
What if I have passed too much revenue to the UWV?,"[passed much revenue , passed uwv ]",[passed much revenue ]
I would like to know what if i have passed too much revenue to the UV?,"[would like know passed much revenue uv ]",[passed much revenue ]
May I get to know what if i have passed too much revenue to the UV?,"[know passed uv , know passed much revenue uv ]",[passed much revenue ]
Is it possible to know what if i have passed too much revenue to the UV?,"[possible know passed much revenue uv ]",[passed much revenue ]
Can I know what if i have passed too much revenue to the UV?,"[know passed uv , know passed much revenue uv , know uv ]",[passed much revenue ]
Please let me know what if i have passed too much revenue to the UV?,"[passed uv ]",[passed much revenue ]
What if I have passed too much revenue to the UWV? Please tell me what happens if I go in part to work?,"[please tell passed much revenue uwv work , please tell happens go part work , please tell passed uwv work , please tell happens go work ]","[passed much revenue, happens go part work ]"
"",,
What income do not affect my unemployment benefits?,"[income affect unemployment benefits ]","[income affect unemployment benefits ]"
Please let me know what income do not affect my unemployment benefits?,"[please let know income affect unemployment benefits , please let know unemployment benefits ]","[income affect unemployment benefits ]"
Can I know what income do not affect my unemployment benefits?,"[income affect unemployment benefits ]","[income affect unemployment benefits ]"
Is it possible to know what income do not affect my unemployment benefits?,"[possible know income affect unemployment benefits ]","[income affect unemployment benefits ]"
I would like to know what income do not affect my unemployment benefits?,"[would like know unemployment benefits , would like know income affect unemployment benefits ]","[income affect unemployment benefits ]"
May I get to know what income do not affect my unemployment benefits?,"[get know income affect unemployment benefits ]","[income affect unemployment benefits ]"
"",,
When my unemployment benefit stops when I go to work?,"[unemployment benefit stops go work ]","[unemployment benefit stops go work ]"
Can you tell me when my unemployment benefit stops I go to work?,"[unemployment benefit stops go work ]","[unemployment benefit stops go work ]"
I would like to know when my unemployment benefit stops I go to work?,"[unemployment benefit stops go work ]","[unemployment benefit stops go work ]"
May I get to know where my unemployment benefit stops I go to work?,"[unemployment benefit stops go work ]","[unemployment benefit stops go work ]"
Is it possible to know when my unemployment benefit stops I go to work?,"[unemployment benefit stops go work ]","[unemployment benefit stops go work ]"
"",,
When revenues are deducted from unemployment benefit instead of hours?,"[revenues deducted unemployment benefit instead hours ]","[revenues deducted unemployment benefit instead hours ]"
I would like to know when revenues are deducted from unemployment benefit instead of hours?,"[revenues deducted unemployment benefit instead hours ]","[revenues deducted unemployment benefit instead hours ]"
Can you tell me when revenues are deducted from unemployment benefit instead of hours?,"[revenues deducted unemployment benefit instead hours ]","[revenues deducted unemployment benefit instead hours ]"
May I get to know when revenues are deducted from unemployment benefit instead of hours?,"[revenues deducted unemployment benefit instead hours ]","[revenues deducted unemployment benefit instead hours ]"
Is it possible to know when revenues are deducted from unemployment benefit instead of hours?,"[revenues deducted unemployment benefit instead hours ]","[revenues deducted unemployment benefit instead hours ]"
"",,
Why should I report my income to UWV?,"[report income uwv ]","[report income uwv ]"
Describe why should you report my income to UV?,"[report income uv ]","[report income uv ]"
Kindly communicate why may one report my income to UV?,"[report income uv ]","[report income uv ]"
Communicate why could one report my income to UV?,"[report income uv , could one report income uv ]","[report income uv ]"
Please illustrate me why may I report my income to UV?,"[report income uv ]","[report income uv ]"
With examples kindly show me why shall you report my income to UV?,"[report income uv ]","[report income uv ]"
Show why could one report my income to UV?,"[report income uv , could one report income uv ]","[report income uv ]"
Can one tell me why report my income to UV?,"[report income uv ]","[report income uv ]"
Why may you report my income to UV?,"[report income uv ]","[report income uv ]"
Is there any way to report my income to UV?,"[report income uv ]","[report income uv ]"
Illustrate me why can I report my income to UV?,"[report income uv ]","[report income uv ]"
Why should I report my income to UWV? What income do not affect my unemployment benefits?,"[report income uwv ]","[report income uwv ]"
"",,
Will my year-end bonus or 13th month deducted from my unemployment benefits?,"[deducted unemployment benefits ]","[deducted unemployment benefits ]"
"",,
specific question,"[specific question ]","[specific question ]"