Comments,Predicted,GT
Filling: I can enter only whole hours on my Income Statement. Is that right?,"[filling enter whole hours income statement right ]","[filling enter whole hours income statement right ]"
"",,
Filling: I can not find my paycheck the paid holiday. What should I fill?,"[filling find ]","[filling find paycheck paid holiday ]"
"",,
Filling: I can not find my payslip my SV wages. What should I fill?,"[filling find payslip sv wages fill ]","[filling find payslip sv wages fill ]"
"",,
Filling: I expect this month have no income. I can indicate that even before the end of the month?,"[filling month income , filling income ]","[filling month income , filling income ]"
"",,
Filling: I get paid weekly. What amounts should I fill?,"[filling get paid weekly amounts fill ]","[filling get paid weekly amounts fill ]"
"",,
Filling: I have had more than one employer in a month. What income do I have?,"[filling one employer month income ]","[filling one employer month income ]"
"",,
Filling: I have not (yet) received a paycheck. What income do I have?,"[filling yet received paycheck income ]","[filling yet received paycheck income ]"
"",,
Filling: I have this month income received relating to other periods now what?,"[filling month income , income received ]","[filling month income , income received ]"
"",,
Filling: I received income before my 1st WW day I have to give up this income?,"[filling give ]","[filling give up]"
"",,
Filling: Should I UWV benefits pass as income?,"[filling uwv benefits pass income ]",[uwv benefits pass income ]
Would i UV benefits pass as income?,[would uwv benefits pass income ],[uwv benefits pass income ]
Let me know if I should UV benefits pass as income?,"[uwv benefits pass income , let know ]",[uwv benefits pass income ]
Do i UV benefits pass as income?,[uwv benefits pass income ],[uwv benefits pass income ]
Help me regarding if I should UV benefits pass as income?,[help regarding uwv benefits pass income ],[uwv benefits pass income ]
May i UV benefits pass as income?,[ uwv benefits pass income ],[uwv benefits pass income ]
"",,
Filling: Should I give compensation in the form Income Problem?,"[give compensation form income problem , filling give ]","[give compensation form income problem ]"
Would I give compensation in the form income problem?,"[give compensation form income problem ]","[give compensation form income problem ]"
Tell me if I should give compensation in the form income problem?,"[give compensation form income problem ]","[give compensation form income problem ]"
Do you think I give compensation in the form income problem?,"[give compensation form income problem ]","[give compensation form income problem ]"
Can I give compensation in the form income problem?,"[give compensation form income problem ]","[give compensation form income problem ]"
Why should I give compensation in the form income problem?,"[give compensation form income problem ]","[give compensation form income problem ]"
"",,
Filling: Should I pass my year-end bonus or 13th month on the Income Problem?,"[pass income problem , filling month income problem , filling income problem ]",pass income problem
"",,
Filling: What should I do if I made a mistake when filling out the Income Problem?,"[filling income problem ]","[filling income problem ]"
"",,
Filling: What should I do if the employment which I became unemployed is not in the form Income Problem?,"[filling income problem ]","[filling unemployed form income problem ]"
"",,
Filling: What should I mention on the form Earnings Quotation if I have no income?,"[filling income quotation ]","[filling income quotation ]"
"",,
General: Do I have to fill out the form Income quoted over the internet?,"[fill form income quoted internet ]","[fill form income quoted internet ]"
Should i have to fill out the form income quoted over the internet?,"[fill form income quoted internet ]","[fill form income quoted internet ]"
Let me know if I should have to fill out the form income quoted over the internet?,"[fill form income quoted internet ]","[fill form income quoted internet ]"
Can i have to fill out the form income quoted over the internet?,"[fill form income quoted internet ]","[fill form income quoted internet ]"
Help me regarding if I should have to fill out the form income quoted over the internet?,"[fill form income quoted internet ]","[fill form income quoted internet ]"
Tell me if I should have to fill out the form income quoted over the internet?,"[fill form income quoted internet ]","[fill form income quoted internet ]"
"",,
General: How do I report my income if I paid 4 weeks?,"[report income paid weeks ]","[report income paid weeks ]"
Describe how should I report my income if I paid 4 weeks?,"[report income paid weeks ]","[report income paid weeks ]"
With examples kindly show me how shall I report my income if I paid 4 weeks?,[report income paid weeks ],[report income paid weeks ]
Please illustrate me how can one report my income if I paid 4 weeks?,"[report income paid weeks ]","[report income paid weeks ]"
Kindly show how might one report my income if I paid 4 weeks?,"[report income paid weeks ]","[report income paid weeks ]"
Communicate how might you report my income if I paid 4 weeks?,"[report income paid weeks ]","[report income paid weeks ]"
"",,
General: Is my form Income quoted in yet?,"[general form income quoted ]","[general form income quoted ]"
"",,
General: What happens when I send the form to let Revenue Problem?,"[happens send form let revenue problem ]","[happens send form let revenue problem ]"
Can I know what happens when I send the form to let revenue problem?,"[happens send form let revenue problem ]","[happens send form let revenue problem ]"
I would like to know what happens when I send the form to let revenue problem?,"[happens send form let revenue problem ]","[happens send form let revenue problem ]"
May I get to know what happens when I send the form to let revenue problem?,"[happens send form let revenue problem ]","[happens send form let revenue problem ]"
Please let me know what happens when I send the form to let revenue problem?,"[happens send form let revenue problem ]","[happens send form let revenue problem ]"
Is it possible to know what happens when I send the form to let revenue problem?,"[happens send form let revenue problem ]","[happens send form let revenue problem ]"
"",,
General: When should I send the form Income quoted when I go on holiday?,"[general send form income quoted ]","[general send form income quoted ]"
"",,
General: When should I send the form Revenue Problem?,"[general send form revenue problem ]","[general send form revenue problem ]"
"",,
General: Where can I download the form Income quoted on uwv.nl?,"[general form income quoted ]","[general form income quoted ]"
"",,
General: Where can I find the form Income Problem?,"[general form income problem ]","[general form income problem ]"
"",,
General: Why do I get a reminder about completing the form Income Problem?,"[general form income problem ]","[general form income problem ]"
"",,
I earn too much this month and therefore get no unemployment. What does that mean for me?,"[earn much month therefore get unemployment mean ]","[earn much month therefore get unemployment mean ]"
I have become partially unemployed. Should I give all my earnings?,"[become partially unemployed give earnings ]","[become partially unemployed give earnings ]"
Income form declaration (WWZ 1 7 2015),"[form income ]","[form income ]"
Malfunction: I can my Income Quotation not pass for January. Is this correct?,"[malfunction income quotation pass january correct ]","[malfunction income quotation pass january correct ]"
Malfunction: I can not fill my Income Statement. Is this correct?,"[income statement ]","[income statement ]"
Malfunction: I can not log into my UWV. Is that right?,"[malfunction log uwv right ]","[malfunction log uwv right ]"
Pre-populated data: The name of my employer missing. What now?,"[prepopulated data ]","[prepopulated data employer missing]"
Pre-populated data: UWV shows a different amount than my own statement from last month.,"[last month , prepopulated data uwv shows different amount ]","[prepopulated data uwv shows different amount ]"
"",,
Pre-populated data: What if I have passed more revenue than stand in the UWV data?,"[prepopulated data passed revenue stand uwv data ]","[prepopulated data passed revenue stand uwv data ]"
Can you tell me what if i have passed more revenue than stand in the UWV data?,"[tell passed revenue stand uwv data ]","[tell passed revenue stand uwv data ]"
Please tell me what if i have passed more revenue than stand in the UWV data?,"[please tell passed revenue stand uwv data ]","[please tell passed revenue stand uwv data ]"
Is it possible to know what if i have passed more revenue than stand in the UWV data?,"[data uwv ]","[data uwv ]"
I would like to know what if i have passed more revenue than stand in the UWV data?,"[would like know passed revenue stand uwv data ]","[would like know passed revenue stand uwv data ]"
May I get to know what if i have passed more revenue than stand in the UWV data?,"[ get know passed revenue stand uwv data ]","[ get know passed revenue stand uwv data ]"
"",,
Pre-populated data: What if I have passed on less income than stand in the UWV data?,"[prepopulated data passed less income stand uwv data ]","[know passed less income stand uv data ]"
Can I know what if i have passed on less income than stand in the UV data?,"[know passed less income stand uv data ]","[know passed less income stand uv data ]"
May I get to know what if i have passed on less income than stand in the UV data?,"[income passed , know passed , income uv ]","[know passed less income stand uv data ]"
Is it possible to know what if i have passed on less income than stand in the UV data?,"[possible know passed less income uv data , possible know passed less income stand uv data ]","[know passed less income stand uv data ]"
Please let me know what if i have passed on less income than stand in the UV data?,"[please let know passed less income uv data , please let know passed less income stand uv data ]","[know passed less income stand uv data ]"
I would like to know what if i have passed on less income than stand in the UV data?,"[would like know passed less income uv data , would like know passed less income stand uv data ]","[know passed less income stand uv data ]"
"",,
Pre-populated data: Why UWV shows a different amount of income then I passed my form Income quoted last month?,"[prepopulated data uwv shows different amount income passed form income quoted last month ]","[prepopulated data uwv shows different amount income passed form income quoted last month ]"
"",,
Prefilled data I enter for the first time my Income quoted in and I'm already filled revenue that I did not expect. How is that possible?,"[already filled ]","[already filled , revenue not expect]"
"",,
Prefilled data I see earnings already filled my Income Quotation I did not expect.,"[already filled , see earnings ]","[already filled , see earnings ]"
"",,
Prefilled data Where the amounts on the Income Problem come from?,"[prefilled data amounts income problem come ]","[prefilled data amounts income problem come ]"
"",,
Problem: I am having problems sending the form Income Statement.,"[problem problems sending form income statement ]","[problem problems sending form income statement ]"
"",,
Problem: I have not received Income Statement. What now?,"[income received , income statement , income problem ]","[income statement]"
"",,
Problem: I have to pay sv � 0 and further fill only the amount of holiday pay. What should I do if I get an error?,[problem pay sv fill amount holiday pay get error ],[problem pay sv fill amount holiday pay get error ]
"",,
Problem: I see earnings in the Revenue Estimate and can not put it to 0.,"[see earnings ]","[see earnings ]"
"",,
What should I include on my Income Problem?,"[income problem ]","[income problem ]"
"",,
Why should I report my income to UWV?,"[report income uwv ]","[report income uwv ]"
With examples kindly describe me why should you report my income to UV?,"[describe report income uv , examples kindly ]","[report income uv ]"
May one tell me why report my income to UV?,"[one report income uv , tell  report income uv ]","[report income uv ]"
Show me why might I report my income to UV?,"[show might report income uv ]","[report income uv ]"
Please tell me why could I report my income to UV?,"[please tell report income uv ]","[report income uv ]"
Kindly tell me why may you report my income to UV?,"[report income ]","[report income uv ]"
"",,
specific question,"[specific question ]","[specific question ]"