Comments,Predicted,Ground truth 
Can I get an advance on my current unemployment benefit?,"[get advance current unemployment benefit ]","[get advance current unemployment benefit ]"
Is it possible to get an advance on my current unemployment benefit?,"[get advance current unemployment benefit ]","[get advance current unemployment benefit ]"
"",,
I get a breakdown of my payment?,"[get breakdown payment ]","[get breakdown payment ]"
How can I get a breakdown of my payment?,"[get breakdown payment ]","[get breakdown payment ]"
Do I get a breakdown of my payment?,"[get breakdown payment ]","[get breakdown payment ]"
"",,
I received a letter from the UWV about the interference My UWV. It states that my income is determined based on my income in October. Is this correct?,"[received letter uwv interference uwv states income determined based income october correct ]","[received letter uwv interference uwv states income determined based income october correct ]"
"",,
I'm called by UWV to pass my income because of the interference My UWV. I have this also transmitted to the caller. Is this correct?,"[im called uwv pass income interference ]","[im called uwv pass income interference ]"
"",,
I'm called by UWV to pass my income because of the interference My UWV. Is this correct?,"[im called uwv pass income interference ]","[im called uwv pass income interference ]"
"",,
Is my payment from January 2016 deducted the correct amount of income tax?,"[amount payment ]","[amount payment ]"
"",,
When I get back overpaid contribution Health Insurance (Health Insurance Act)?,"[get back overpaid contribution health insurance health insurance act ]","[get back overpaid contribution health insurance health insurance act ]"
"",,
When is/are transferred my unemployment benefits?,"[unemployment benefits ]","[unemployment benefits ]"
"",,
When will I receive the first payment of my unemployment benefits?,"[receive first payment unemployment benefits ]","[receive first payment unemployment benefits ]"
By when do I expect to receive the first payment of my unemployment benefits?,"[receive first payment unemployment benefits ]","[receive first payment unemployment benefits ]"
"",,
Why did you change the amount of my payment?,"[change amount payment ]","[change amount payment ]"
Kindly describe me why did you change the amount of my payment?,"[kindly describe , change amount payment ]","[change amount payment ]"
"",,
Why is my benefit paid monthly and not every 4 weeks? (conversion),"[benefit paid monthly every weeks conversion ]","[benefit paid monthly every weeks conversion ]"
"",,
Why is my unemployment benefit less than the sickness benefit?,"[unemployment benefit less sickness ]","[unemployment benefit less sickness ]"
Please show me why shall you my unemployment benefit less than the sickness benefit?,"[please show shall unemployment benefit less sickness benefit ]","[unemployment benefit less sickness ]"
What would one do to my unemployment benefit less than the sickness benefit?,"[one unemployment benefit less sickness ]","[unemployment benefit less sickness ]"
With examples please illustrate me why shall i my unemployment benefit less than the sickness benefit?,"[shall unemployment benefit less sickness ]","[unemployment benefit less sickness ]"
Kindly describe me why would you my unemployment benefit less than the sickness benefit?,"[would unemployment benefit less sickness , kindly describe ]","[unemployment benefit less sickness ]"
Show me why shall one my unemployment benefit less than the sickness benefit?,"[one unemployment benefit less sickness ]","[unemployment benefit less sickness ]"
"",,
specific question,"[specific question ]","[specific question ]"