Comments,Predicted,GT
Change Form: When should I submit my change form WW?,"[change form submit change form ww ]","[change form submit change form ww ]"
Change Form:When can I submit my change form WW?,"[change form submit , change form ww ]","[change form submit , change form ww ]"
Change Form:Please confirm if I should submit my change form WW?,"[change form submit , change form ww ]","[change form submit , change form ww ]"
"",,
,,
Change form I have not received unemployment change form so please send duplicate.,"[change form ]","[change form send duplicate ]"
,,
"",,
Change form: Is my amendment form WW already inside?,"[change form ww already inside ]","[change form ww already inside ]"
Change form: Let me know if my amendment form WW already inside?,"[change form let know ]","[change form ww already inside ]"
Change form: I need to check if my amendment form WW already inside,"[change form ww ]","[change form ww already inside ]"
"",,
Change form: What should I do if I made a mistake in completing the change form WW?,"[made mistake completing ]","[made mistake completing ]"
Change form: Let me know what should be done if I made a mistake in completing the change form WW?,"[made mistake completing , change form let know ]","[made mistake completing ]"
Change form: What should I do in case I made a mistake in completing the change form WW?,"[made mistake completing ]","[made mistake completing ]"
"",,
I want to report a change,"[want report change ]","[want report change ]"
,,
I need to report a change. When should I submit my change form WW?,"[report change form need , report change form submit , report change form ww ]",[report change form ww]
"",,
I want to report me sick,"[want report ]",[want report  sick]
"",,
RECOVERY REPORT,"[recovery report ]","[recovery report ]"
"",,
What happens to my unemployment benefits if I go abroad for any reason other than vacation?,"[happens unemployment benefits go abroad reason vacation ]","[unemployment benefits go abroad reason vacation ]"
Please let me know what happens to my unemployment benefits if I go abroad for any reason other than vacation?,"[please let know happens unemployment benefits go abroad reason vacation ]","[unemployment benefits go abroad reason vacation ]"
What will happen to my unemployment benefits if I go abroad for any reason other than vacation?,"[unemployment benefits go abroad reason vacation ]","[unemployment benefits go abroad reason vacation ]"
"",,
What should I do if I have an unemployment benefit and should be in detention?,"[unemployment benefit detention ]","[unemployment benefit detention ]"
What needs to be done if I have an unemployment benefit and should be in detention?,"[needs done unemployment benefit detention ]","[unemployment benefit detention ]"
Please let me know What should I do if I have an unemployment benefit and should be in detention?,"[unemployment benefit detention , please let know ]","[unemployment benefit detention ]"
"",,
specific question,"[specific question ]","[specific question ]"