Comments,predicted,GT
Can I get an advance on my unemployment benefits?,"[get advance ]","[get advance ]"
Please tell if I can get an advance on my unemployment benefits,"[get advance ]","[get advance ]"
Kindly confirm if I can get an advance on my unemployment benefits,"[get advance ]","[get advance ]"
What is the way to get an advance on my unemployment benefits,[get advance ],[get advance ]
"",,
"",,
Can I get an advance on the first month of my unemployment benefits?,"[get advance ]",[possible get advance first month unemployment benefits ]
Is it possible to get an advance on the first month of my unemployment benefits,"[get advance , possible get advance first month unemployment benefits ]",[possible get advance first month unemployment benefits ]
Please confirm if it is possible to get an advance on the first month of my unemployment benefits,"[get advance , possible get advance first month unemployment benefits ]",[possible get advance first month unemployment benefits ]
"",,
How can I check the status of my application WW?,"[check status application ww ]","[check status application ww ]"
How will you check the status of my application WW?,"[check status application ww ]","[check status application ww ]"
Please show how shall you check the status of my application WW?,"[check status application ww ]","[check status application ww ]"
I want you to let me know how to check the status of my application WW?,"[check status application ww ]","[check status application ww ]"
Kindly show how may you check the status of my application WW?,"[check status application ww ]","[check status application ww ]"
With examples please tell how would I check the status of my application WW?,"[examples please tell would check status application ww ]","[check status application ww ]"
"",,
How much is the deposit?,"[much deposit ]","[much deposit ]"
What is the deposit?,"[deposit ]","[deposit ]"
Please tell how much is the deposit. Can I get an advance on my unemployment benefits?,"[get advance , much deposit ]","[get advance , much deposit ]"
"",,
I got a call from one of the UWV in connection with applying for unemployment benefits.,"[call one uwv connection applying unemployment benefits ]","[call one uwv connection applying unemployment benefits ]"
I received a call from one of the UWV in connection with applying for unemployment benefits.,"[call one uwv connection applying unemployment benefits ]","[call one uwv connection applying unemployment benefits ]"
"",,
I view the status of my application via WW My UWV but the data do not match.,"[status application via ww uwv data match ]","[status application via ww uwv data match ]"
I can see the status of my application via WW My UWV but the data do not match.,"[status application via ww uwv data match ]","[status application via ww uwv data match ]"
While I can view the application via WW My UWV but the data do not match.,"[view application via ww uwv data match ]","[status application via ww uwv data match ]"
"",,
I want to check the status of my application on my WW UWV but this application does not work.,"[check status application ww uwv ]","[check status application ww uwv ]"
I need to check the status of my application on my WW UWV but this application does not work.,"[check status application ww uwv ]","[check status application ww uwv ]"
I tried checking the status of my application on my WW UWV but this application does not work.,"[status application ww uwv ]","[check status application ww uwv ]"
"",,
What is the status of my application WW?,"[status application ww ]","[status application ww ]"
May I get to know what is the status of my application WW?,"[status application ww ]","[status application ww ]"
Please describe what is the status of my application WW?,"[status application ww ]","[status application ww ]"
Is it possible to know what is the status of my application WW?,"[possible know status application ww ]","[status application ww ]"
Why do we have the status of my application WW?,"[status application ww ]","[status application ww ]"
I would like to know what is the status of my application WW?,"[would like know status application ww ]","[status application ww ]"
"",,
"",,
When I'm not advance?,"[im advance ]","[im advance ]"
Is it possible to know when I'm not advance?,"[im advance ]","[im advance ]"
May I get to know when I'm not advance?,"[get know im advance , im advance ]","[im advance ]"
I would like to know when I'm not advance?,"[im advance ]","[im advance ]"
Can you tell me when I'm not advance?,"[im advance ]","[im advance ]"