{"colorCode": "Exploration Actions", "children": [{"size": 25, "colorCode": "Exploration Actions", "children": [{"size": 7, "colorCode": "Insight Actions", "children": [{"colorCode": "App Actions", "name": ["What", "documents", "I", "can", "send", "via", "My", "UWV?"], "key": "What documents I can send via My UWV?\n [ 31 ] ", "size": 5}], "key": "documents send via uwv [31,1]", "name": ["documents", "send", "via", "uwv"]}, {"size": 7, "colorCode": "Insight Actions", "children": [{"colorCode": "App Actions", "name": ["When", "can", "I", "send", "my", "documents", "via", "UWV?"], "key": "When can I send my documents via UWV?\n [ 11 ] ", "size": 5}, {"colorCode": "App Actions", "name": ["What", "if", "I", "can", "not", "send", "documents", "via", "My", "UWV?"], "key": "What if I can not send documents via My UWV?\n [ 18 ] ", "size": 5}], "key": "send documents via uwv [29,2]", "name": ["send", "documents", "via", "uwv"]}, {"size": 7, "colorCode": "Insight Actions", "children": [{"colorCode": "App Actions", "name": ["I", "have", "questions", "about", "a", "received", "order."], "key": "I have questions about a received order.\n [ 870 ] ", "size": 5}], "key": "questions received order [870,1]", "name": ["questions", "received", "order"]}, {"size": 7, "colorCode": "Insight Actions", "children": [{"colorCode": "App Actions", "name": ["I", "received", "a", "letter", "with", "the", "request", "to", "contact", "in", "connection", "with", "the", "handling", "of", "my", "WW", "request."], "key": "I received a letter with the request to contact in connection with the handling of my WW request.\n [ 44 ] ", "size": 5}], "key": "received letter request contact connection handling ww request [44,1]", "name": ["received", "letter", "request", "contact", "connection", "handling", "ww", "request"]}, {"size": 7, "colorCode": "Insight Actions", "children": [{"colorCode": "App Actions", "name": ["I", "received", "the", "request", "to", "submit", "documents,", "must", "be", "originals", "or", "copies?"], "key": "I received the request to submit documents, must be originals or copies?\n [ 15 ] ", "size": 5}], "key": "must received documents [15,1]", "name": ["must", "received", "documents"]}, {"size": 7, "colorCode": "Insight Actions", "children": [{"colorCode": "App Actions", "name": ["UWV", "has", "no", "answer", "number", "anymore?"], "key": "UWV has no answer number anymore?\n [ 14 ] ", "size": 5}], "key": "uwv answer number anymore [14,1]", "name": ["uwv", "answer", "number", "anymore"]}, {"size": 7, "colorCode": "Insight Actions", "children": [{"colorCode": "App Actions", "name": ["Should", "I", "stick", "a", "stamp", "on", "the", "return", "envelope?"], "key": "Should I stick a stamp on the return envelope?\n [ 2 ] ", "size": 5}], "key": "stick stamp return envelope [2,1]", "name": ["stick", "stamp", "return", "envelope"]}, {"size": 7, "colorCode": "Insight Actions", "children": [{"colorCode": "App Actions", "name": ["I", "received", "a", "request", "to", "submit", "documents,", "but", "I", "have", "a", "question", "about", "that."], "key": "I received a request to submit documents, but I have a question about that.\n [ 455 ] ", "size": 5}], "key": "received documents [455,1]", "name": ["received", "documents"]}, {"size": 7, "colorCode": "Insight Actions", "children": [{"colorCode": "App Actions", "name": ["Can", "I", "get", "a", "copy", "of", "my", "digital", "completed", "the", "editing", "and", "Revenue", "Form", "WW?"], "key": "Can I get a copy of my digital completed the editing and Revenue Form WW?\n [ 3 ] ", "size": 5}], "key": "get copy digital completed editing revenue form ww [3,1]", "name": ["get", "copy", "digital", "completed", "editing", "revenue", "form", "ww"]}, {"size": 7, "colorCode": "Insight Actions", "children": [{"colorCode": "App Actions", "name": ["I", "received", "a", "notice.", "Can", "you", "give", "me", "information", "about", "this?"], "key": "I received a notice. Can you give me information about this?\n [ 4 ] ", "size": 5}], "key": "received notice give information [4,1]", "name": ["received", "notice", "give", "information"]}, {"size": 7, "colorCode": "Insight Actions", "children": [{"colorCode": "App Actions", "name": ["Can", "I", "receive", "from", "you", "certain", "forms?"], "key": "Can I receive from you certain forms?\n [ 31 ] ", "size": 5}], "key": "receive forms [31,1]", "name": ["receive", "forms"]}, {"size": 7, "colorCode": "Insight Actions", "children": [{"colorCode": "App Actions", "name": ["Did", "you", "receive", "my", "forms", "and", "documents?"], "key": "Did you receive my forms and documents?\n [ 23 ] ", "size": 5}], "key": "receive forms documents [23,1]", "name": ["receive", "forms", "documents"]}, {"size": 7, "colorCode": "Insight Actions", "children": [{"colorCode": "App Actions", "name": ["Can", "you", "send", "me", "a", "copy", "of", "the", "decision?"], "key": "Can you send me a copy of the decision?\n [ 303 ] ", "size": 5}], "key": "send copy decision [303,1]", "name": ["send", "copy", "decision"]}, {"size": 7, "colorCode": "Insight Actions", "children": [{"colorCode": "App Actions", "name": ["What", "do", "I", "need", "to", "send", "with", "the", "application", "WW?"], "key": "What do I need to send with the application WW?\n [ 52 ] ", "size": 5}], "key": "need send application ww [52,1]", "name": ["need", "send", "application", "ww"]}, {"size": 7, "colorCode": "Insight Actions", "children": [{"colorCode": "App Actions", "name": ["What", "does", "Notification", "entail?"], "key": "What does Notification entail?\n [ 2 ] ", "size": 5}], "key": "notification entail [2,1]", "name": ["notification", "entail"]}, {"size": 7, "colorCode": "Insight Actions", "children": [{"colorCode": "App Actions", "name": ["Why", "do", "you", "ask", "for", "a", "copy", "of", "the", "dismissal/resignation", "permission,", "these", "have", "you", "already?"], "key": "Why do you ask for a copy of the dismissal/resignation permission, these have you already?\n [ 2 ] ", "size": 5}], "key": "ask copy dismissalresignation permission already [2,1]", "name": ["ask", "copy", "dismissalresignation", "permission", "already"]}, {"size": 7, "colorCode": "Insight Actions", "children": [{"colorCode": "App Actions", "name": ["I", "received", "the", "request", "to", "submit", "documents,", "must", "be", "originals", "or", "copies?"], "key": "I received the request to submit documents, must be originals or copies?\n [ 15 ] ", "size": 5}], "key": "must received request submit documents [15,1]", "name": ["must", "received", "request", "submit", "documents"]}, {"size": 7, "colorCode": "Insight Actions", "children": [{"colorCode": "App Actions", "name": ["The", "data", "requested", "by", "UWV", "must", "be", "received", "within", "one", "week.", "This", "period", "is", "not", "feasible,", "you", "can", "take", "it", "into", "account?"], "key": "The data requested by UWV must be received within one week. This period is not feasible, you can take it into account?\n [ 278 ] ", "size": 5}], "key": "data requested uwv must received within one week period feasible take account [278,1]", "name": ["data", "requested", "uwv", "must", "received", "within", "one", "week", "period", "feasible", "take", "account"]}, {"size": 7, "colorCode": "Insight Actions", "children": [{"colorCode": "App Actions", "name": ["I", "receive", "mail", "that", "is", "not", "meant", "for", "me.", "What", "should", "I", "do", "with", "this?"], "key": "I receive mail that is not meant for me. What should I do with this?\n [ 26 ] ", "size": 5}], "key": "receive mail meant [26,1]", "name": ["receive", "mail", "meant"]}, {"size": 7, "colorCode": "Insight Actions", "children": [{"colorCode": "App Actions", "name": ["Have", "you", "received", "the", "documents", "sent", "by", "me", "(or", "form)?"], "key": "Have you received the documents sent by me (or form)?\n [ 641 ] ", "size": 5}], "key": "received documents sent form [641,1]", "name": ["received", "documents", "sent", "form"]}, {"size": 7, "colorCode": "Insight Actions", "children": [{"colorCode": "App Actions", "name": ["specific", "question"], "key": "specific question\n [ 23 ] ", "size": 5}], "key": "specific question [23,1]", "name": ["specific", "question"]}, {"size": 7, "colorCode": "Insight Actions", "children": [{"colorCode": "App Actions", "name": ["To", "which", "address", "should", "I", "send", "the", "documents?"], "key": "To which address should I send the documents?\n [ 441 ] ", "size": 5}], "key": "documents send [441,1]", "name": ["documents", "send"]}, {"size": 7, "colorCode": "Insight Actions", "children": [{"colorCode": "App Actions", "name": ["I", "received", "a", "letter", "with", "the", "request", "to", "contact", "if", "I", "am", "unemployed", "at", "a", "certain", "date."], "key": "I received a letter with the request to contact if I am unemployed at a certain date.\n [ 178 ] ", "size": 5}], "key": "received letter request contact [178,1]", "name": ["received", "letter", "request", "contact"]}], "key": "Correspondence [3467,23]", "name": ["Correspondence"]}, {"size": 25, "colorCode": "Exploration Actions", "children": [{"size": 7, "colorCode": "Insight Actions", "children": [{"colorCode": "App Actions", "name": ["What", "does", "UWV", "under", "work?"], "key": "What does UWV under work?\n [ 11 ] ", "size": 5}], "key": "uwv work [11,1]", "name": ["uwv", "work"]}, {"size": 7, "colorCode": "Insight Actions", "children": [{"colorCode": "App Actions", "name": ["I", "work", "so", "many", "hours", "a", "week,", "I", "unemployed", "for", "less", "than", "5", "hours/less", "than", "half", "remain.", "How", "is", "it", "cut?"], "key": "I work so many hours a week, I unemployed for less than 5 hours/less than half remain. How is it cut?\n [ 9 ] ", "size": 5}], "key": "work many hours week unemployed less hoursless half remain cut [9,1]", "name": ["work", "many", "hours", "week", "unemployed", "less", "hoursless", "half", "remain", "cut"]}, {"size": 7, "colorCode": "Insight Actions", "children": [{"colorCode": "App Actions", "name": ["When", "my", "unemployment", "benefit", "stops", "when", "I", "go", "to", "work?"], "key": "When my unemployment benefit stops when I go to work?\n [ 577 ] ", "size": 5}, {"colorCode": "App Actions", "name": ["I", "receive", "unemployment", "benefits.", "In", "addition", "I", "am", "or", "go", "to", "work", "as", "a", "freelancer.", "What", "happens", "to", "my", "benefits?"], "key": "I receive unemployment benefits. In addition I am or go to work as a freelancer. What happens to my benefits?\n [ 74 ] ", "size": 5}], "key": "go work [651,2]", "name": ["go", "work"]}, {"size": 7, "colorCode": "Insight Actions", "children": [{"colorCode": "App Actions", "name": ["What", "income", "do", "not", "affect", "my", "unemployment", "benefits?"], "key": "What income do not affect my unemployment benefits?\n [ 510 ] ", "size": 5}], "key": "unemployment benefits [510,1]", "name": ["unemployment", "benefits"]}, {"size": 7, "colorCode": "Insight Actions", "children": [{"colorCode": "App Actions", "name": ["specific", "question"], "key": "specific question\n [ 3 ] ", "size": 5}], "key": "specific question [3,1]", "name": ["specific", "question"]}, {"size": 7, "colorCode": "Insight Actions", "children": [{"colorCode": "App Actions", "name": ["I", "receive", "a", "pension.", "This", "is", "deducted", "from", "my", "unemployment", "benefits?"], "key": "I receive a pension. This is deducted from my unemployment benefits?\n [ 70 ] ", "size": 5}, {"colorCode": "App Actions", "name": ["Will", "my", "year-end", "bonus", "or", "13th", "month", "deducted", "from", "my", "unemployment", "benefits?"], "key": "Will my year-end bonus or 13th month deducted from my unemployment benefits?\n [ 30 ] ", "size": 5}, {"colorCode": "App Actions", "name": ["I", "go", "back", "to", "work.", "How", "this", "will", "be", "deducted", "from", "my", "unemployment", "benefits?"], "key": "I go back to work. How this will be deducted from my unemployment benefits?\n [ 2843 ] ", "size": 5}, {"colorCode": "App Actions", "name": ["I'm", "already", "expanding", "existing", "hours.", "How", "is", "it", "deducted", "from", "my", "unemployment", "benefits?"], "key": "I'm already expanding existing hours. How is it deducted from my unemployment benefits?\n [ 132 ] ", "size": 5}], "key": "deducted unemployment benefits [3075,4]", "name": ["deducted", "unemployment", "benefits"]}, {"size": 7, "colorCode": "Insight Actions", "children": [{"colorCode": "App Actions", "name": ["I", "receive", "unemployment", "benefits.", "In", "addition,", "I", "or", "am", "I", "going", "to", "work", "as", "independent.", "What", "happens", "to", "my", "benefits?"], "key": "I receive unemployment benefits. In addition, I or am I going to work as independent. What happens to my benefits?\n [ 110 ] ", "size": 5}, {"colorCode": "App Actions", "name": ["I", "receive", "unemployment", "benefits.", "In", "addition", "I", "am", "or", "go", "to", "work", "as", "a", "freelancer.", "What", "happens", "to", "my", "benefits?"], "key": "I receive unemployment benefits. In addition I am or go to work as a freelancer. What happens to my benefits?\n [ 74 ] ", "size": 5}], "key": "receive unemployment benefits addition [184,2]", "name": ["receive", "unemployment", "benefits", "addition"]}, {"size": 7, "colorCode": "Insight Actions", "children": [{"colorCode": "App Actions", "name": ["I", "have", "an", "old", "and", "new", "unemployment", "law.", "Must", "I", "first", "time", "pass", "my", "hours", "and", "one", "time", "my", "income?"], "key": "I have an old and new unemployment law. Must I first time pass my hours and one time my income?\n [ 10 ] ", "size": 5}], "key": "old new unemployment law must first time pass hours one time income [10,1]", "name": ["old", "new", "unemployment", "law", "must", "first", "time", "pass", "hours", "one", "time", "income"]}, {"size": 7, "colorCode": "Insight Actions", "children": [{"colorCode": "App Actions", "name": ["What", "happens", "if", "I", "go", "in", "part", "to", "work?"], "key": "What happens if I go in part to work?\n [ 88 ] ", "size": 5}], "key": "happens go part work [88,1]", "name": ["happens", "go", "part", "work"]}, {"size": 7, "colorCode": "Insight Actions", "children": [{"colorCode": "App Actions", "name": ["I", "work", "for", "a", "while", "as", "an", "independent", "but", "also", "now", "get", "an", "unemployment", "benefit.", "What", "happens", "to", "my", "self", "hours?"], "key": "I work for a while as an independent but also now get an unemployment benefit. What happens to my self hours?\n [ 102 ] ", "size": 5}], "key": "get unemployment benefit [102,1]", "name": ["get", "unemployment", "benefit"]}, {"size": 7, "colorCode": "Insight Actions", "children": [{"colorCode": "App Actions", "name": ["What", "if", "I", "have", "passed", "on", "UWV", "too", "little", "income?"], "key": "What if I have passed on UWV too little income?\n [ 38 ] ", "size": 5}, {"colorCode": "App Actions", "name": ["What", "if", "I", "have", "passed", "too", "much", "revenue", "to", "the", "UWV?"], "key": "What if I have passed too much revenue to the UWV?\n [ 16 ] ", "size": 5}], "key": "passed uwv [54,2]", "name": ["passed", "uwv"]}, {"size": 7, "colorCode": "Insight Actions", "children": [{"colorCode": "App Actions", "name": ["I", "may", "be", "in", "the", "early", "retirement,", "or", "other", "FPU", "early", "retirement.", "What", "happens", "to", "my", "unemployment", "benefits?"], "key": "I may be in the early retirement, or other FPU early retirement. What happens to my unemployment benefits?\n [ 24 ] ", "size": 5}], "key": " early retirement fpu early retirement happens unemployment benefits [24,1]", "name": ["early", "retirement", "fpu", "early", "retirement", "happens", "unemployment", "benefits"]}, {"size": 7, "colorCode": "Insight Actions", "children": [{"colorCode": "App Actions", "name": ["When", "revenues", "are", "deducted", "from", "unemployment", "benefit", "instead", "of", "hours?"], "key": "When revenues are deducted from unemployment benefit instead of hours?\n [ 24 ] ", "size": 5}], "key": "deducted unemployment [24,1]", "name": ["deducted", "unemployment"]}, {"size": 7, "colorCode": "Insight Actions", "children": [{"colorCode": "App Actions", "name": ["I", "earn", "too", "much", "this", "month", "and", "therefore", "get", "no", "unemployment.", "What", "does", "that", "mean", "for", "me?"], "key": "I earn too much this month and therefore get no unemployment. What does that mean for me?\n [ 218 ] ", "size": 5}, {"colorCode": "App Actions", "name": ["I", "do", "not", "get", "unemployment", "because", "I", "earn", "too", "much", "this", "month.", "What", "does", "that", "mean", "for", "me?"], "key": "I do not get unemployment because I earn too much this month. What does that mean for me?\n [ 28 ] ", "size": 5}], "key": "get unemployment earn much month mean [246,2]", "name": ["get", "unemployment", "earn", "much", "month", "mean"]}, {"size": 7, "colorCode": "Insight Actions", "children": [{"colorCode": "App Actions", "name": ["I", "have", "become", "partially", "unemployed,", "should", "I", "give", "all", "my", "earnings?"], "key": "I have become partially unemployed, should I give all my earnings?\n [ 53 ] ", "size": 5}], "key": "become partially unemployed give earnings [53,1]", "name": ["become", "partially", "unemployed", "give", "earnings"]}, {"size": 7, "colorCode": "Insight Actions", "children": [{"colorCode": "App Actions", "name": ["Why", "should", "I", "report", "my", "income", "to", "UWV?"], "key": "Why should I report my income to UWV?\n [ 60 ] ", "size": 5}], "key": "report income uwv [60,1]", "name": ["report", "income", "uwv"]}], "key": "Income (WWZ 1 7 2015) [5030,22]", "name": ["Income", "(WWZ", "1", "7", "2015)"]}, {"size": 25, "colorCode": "Exploration Actions", "children": [{"size": 7, "colorCode": "Insight Actions", "children": [{"colorCode": "App Actions", "name": ["If", "the", "UWV", "decides", "about", "my", "unemployment", "claim?"], "key": "If the UWV decides about my unemployment claim?\n [ 263 ] ", "size": 5}], "key": "uwv decides unemployment claim [263,1]", "name": ["uwv", "decides", "unemployment", "claim"]}, {"size": 7, "colorCode": "Insight Actions", "children": [{"colorCode": "App Actions", "name": ["What", "does", "UWV", "after", "I", "sent", "in", "my", "application", "WW?"], "key": "What does UWV after I sent in my application WW?\n [ 45 ] ", "size": 5}], "key": "uwv sent application ww [45,1]", "name": ["uwv", "sent", "application", "ww"]}, {"size": 7, "colorCode": "Insight Actions", "children": [{"colorCode": "App Actions", "name": ["What", "happens", "after", "I", "applied", "for", "unemployment", "benefits?"], "key": "What happens after I applied for unemployment benefits?\n [ 181 ] ", "size": 5}, {"colorCode": "App Actions", "name": ["Can", "I", "receive", "unemployment", "benefits", "retroactively?"], "key": "Can I receive unemployment benefits retroactively?\n [ 116 ] ", "size": 5}], "key": "unemployment benefits [297,2]", "name": ["unemployment", "benefits"]}, {"size": 7, "colorCode": "Insight Actions", "children": [{"colorCode": "App Actions", "name": ["Can", "I", "get", "unemployment", "benefits", "after", "my", "parental", "leave?"], "key": "Can I get unemployment benefits after my parental leave?\n [ 8 ] ", "size": 5}], "key": "get unemployment benefits parental leave [8,1]", "name": ["get", "unemployment", "benefits", "parental", "leave"]}, {"size": 7, "colorCode": "Insight Actions", "children": [{"colorCode": "App Actions", "name": ["My", "application", "was", "rejected", "for", "the", "unemployment", "benefit,", "what", "do", "I", "do", "now?"], "key": "My application was rejected for the unemployment benefit, what do I do now?\n [ 36 ] ", "size": 5}], "key": "application rejected unemployment benefit [36,1]", "name": ["application", "rejected", "unemployment", "benefit"]}, {"size": 7, "colorCode": "Insight Actions", "children": [{"colorCode": "App Actions", "name": ["I", "receive", "partial", "unemployment", "benefit", "and", "go", "to", "work", "fewer", "hours,", "I", "have", "to", "do", "a", "new", "unemployment", "claim?"], "key": "I receive partial unemployment benefit and go to work fewer hours, I have to do a new unemployment claim?\n [ 52 ] ", "size": 5}], "key": "unemployment claim [52,1]", "name": ["unemployment", "claim"]}, {"size": 7, "colorCode": "Insight Actions", "children": [{"colorCode": "App Actions", "name": ["Can", "I", "apply", "for", "unemployment", "benefits", "if", "I", "am", "directly", "after", "my", "resignation", "on", "holiday?"], "key": "Can I apply for unemployment benefits if I am directly after my resignation on holiday?\n [ 15 ] ", "size": 5}, {"colorCode": "App Actions", "name": ["How", "can", "I", "apply", "for", "unemployment", "benefits", "if", "I", "previously", "got", "all", "WW?"], "key": "How can I apply for unemployment benefits if I previously got all WW?\n [ 26 ] ", "size": 5}, {"colorCode": "App Actions", "name": ["What", "are", "the", "consequences", "if", "I", "have", "to", "apply", "for", "a", "DigiD", "and", "therefore", "my", "unemployment", "benefits", "after", "application?"], "key": "What are the consequences if I have to apply for a DigiD and therefore my unemployment benefits after application?\n [ 68 ] ", "size": 5}], "key": "apply unemployment benefits [109,3]", "name": ["apply", "unemployment", "benefits"]}, {"size": 7, "colorCode": "Insight Actions", "children": [{"colorCode": "App Actions", "name": ["I", "receive", "partial", "unemployment", "benefit", "and", "go", "to", "work", "fewer", "hours,", "I", "have", "to", "do", "a", "new", "unemployment", "claim?"], "key": "I receive partial unemployment benefit and go to work fewer hours, I have to do a new unemployment claim?\n [ 52 ] ", "size": 5}, {"colorCode": "App Actions", "name": ["How", "can", "I", "re-apply", "for", "unemployment", "benefit?"], "key": "How can I re-apply for unemployment benefit?\n [ 88 ] ", "size": 5}], "key": "unemployment benefit [140,2]", "name": ["unemployment", "benefit"]}, {"size": 7, "colorCode": "Insight Actions", "children": [{"colorCode": "App Actions", "name": ["How", "can", "I", "withdraw", "the", "application", "WW?"], "key": "How can I withdraw the application WW?\n [ 224 ] ", "size": 5}, {"colorCode": "App Actions", "name": ["I've", "got", "a", "decision", "that", "I", "will", "get", "unemployment", "benefits.", "Can", "I", "withdraw", "my", "application", "WW?"], "key": "I've got a decision that I will get unemployment benefits. Can I withdraw my application WW?\n [ 9 ] ", "size": 5}], "key": "withdraw application ww [233,2]", "name": ["withdraw", "application", "ww"]}, {"size": 7, "colorCode": "Insight Actions", "children": [{"colorCode": "App Actions", "name": ["What", "is", "a", "valid", "form", "of", "identification?"], "key": "What is a valid form of identification?\n [ 2 ] ", "size": 5}], "key": "valid form identification [2,1]", "name": ["valid", "form", "identification"]}, {"size": 7, "colorCode": "Insight Actions", "children": [{"colorCode": "App Actions", "name": ["I", "do", "not", "have", "identification,", "does", "this", "affect", "my", "benefits?"], "key": "I do not have identification, does this affect my benefits?\n [ 6 ] ", "size": 5}], "key": "identification affect benefits [6,1]", "name": ["identification", "affect", "benefits"]}, {"size": 7, "colorCode": "Insight Actions", "children": [{"colorCode": "App Actions", "name": ["specific", "question"], "key": "specific question\n [ 7 ] ", "size": 5}], "key": "specific question [7,1]", "name": ["specific", "question"]}, {"size": 7, "colorCode": "Insight Actions", "children": [{"colorCode": "App Actions", "name": ["When", "can", "I", "apply", "for", "unemployment", "benefit?"], "key": "When can I apply for unemployment benefit?\n [ 815 ] ", "size": 5}, {"colorCode": "App Actions", "name": ["How", "can", "I", "apply", "for", "unemployment", "benefit?"], "key": "How can I apply for unemployment benefit?\n [ 1043 ] ", "size": 5}], "key": "apply unemployment benefit [1858,2]", "name": ["apply", "unemployment", "benefit"]}, {"size": 7, "colorCode": "Insight Actions", "children": [{"colorCode": "App Actions", "name": ["How", "can", "I", "get", "an", "employer's", "form?"], "key": "How can I get an employer's form?\n [ 2 ] ", "size": 5}], "key": "get employers form [2,1]", "name": ["get", "employers", "form"]}], "key": "Applications (WWZ 1 7 2015) [3006,19]", "name": ["Applications", "(WWZ", "1", "7", "2015)"]}, {"size": 25, "colorCode": "Exploration Actions", "children": [{"size": 7, "colorCode": "Insight Actions", "children": [{"colorCode": "App Actions", "name": ["When", "I'm", "not", "advance?"], "key": "When I'm not advance?\n [ 54 ] ", "size": 5}], "key": "im advance [54,1]", "name": ["im", "advance"]}, {"size": 7, "colorCode": "Insight Actions", "children": [{"colorCode": "App Actions", "name": ["I", "got", "a", "call", "from", "one", "of", "the", "UWV", "in", "connection", "with", "applying", "for", "unemployment", "benefits."], "key": "I got a call from one of the UWV in connection with applying for unemployment benefits.\n [ 154 ] ", "size": 5}], "key": "unemployment benefits [154,1]", "name": ["unemployment", "benefits"]}, {"size": 7, "colorCode": "Insight Actions", "children": [{"colorCode": "App Actions", "name": ["Can", "I", "get", "an", "advance", "on", "the", "first", "month", "of", "my", "unemployment", "benefits?"], "key": "Can I get an advance on the first month of my unemployment benefits?\n [ 711 ] ", "size": 5}, {"colorCode": "App Actions", "name": ["Can", "I", "get", "an", "advance", "on", "my", "unemployment", "benefits?"], "key": "Can I get an advance on my unemployment benefits?\n [ 3 ] ", "size": 5}], "key": "get advance unemployment benefits [714,2]", "name": ["get", "advance", "unemployment", "benefits"]}, {"size": 7, "colorCode": "Insight Actions", "children": [{"colorCode": "App Actions", "name": ["specific", "question"], "key": "specific question\n [ 2 ] ", "size": 5}], "key": "specific question [2,1]", "name": ["specific", "question"]}, {"size": 7, "colorCode": "Insight Actions", "children": [{"colorCode": "App Actions", "name": ["I", "want", "to", "check", "the", "status", "of", "my", "application", "on", "my", "WW", "UWV,", "but", "this", "application", "does", "not", "work."], "key": "I want to check the status of my application on my WW UWV, but this application does not work.\n [ 20 ] ", "size": 5}, {"colorCode": "App Actions", "name": ["How", "can", "I", "check", "the", "status", "of", "my", "application", "WW?"], "key": "How can I check the status of my application WW?\n [ 85 ] ", "size": 5}], "key": "check status application ww [105,2]", "name": ["check", "status", "application", "ww"]}, {"size": 7, "colorCode": "Insight Actions", "children": [{"colorCode": "App Actions", "name": ["How", "much", "is", "the", "deposit?"], "key": "How much is the deposit?\n [ 32 ] ", "size": 5}], "key": "much deposit [32,1]", "name": ["much", "deposit"]}, {"size": 7, "colorCode": "Insight Actions", "children": [{"colorCode": "App Actions", "name": ["I", "want", "to", "check", "the", "status", "of", "my", "application", "on", "my", "WW", "UWV,", "but", "this", "application", "does", "not", "work."], "key": "I want to check the status of my application on my WW UWV, but this application does not work.\n [ 20 ] ", "size": 5}, {"colorCode": "App Actions", "name": ["I", "view", "the", "status", "of", "my", "application", "via", "WW", "My", "UWV,", "but", "the", "data", "do", "not", "match."], "key": "I view the status of my application via WW My UWV, but the data do not match.\n [ 19 ] ", "size": 5}], "key": "status application ww uwv [39,2]", "name": ["status", "application", "ww", "uwv"]}, {"size": 7, "colorCode": "Insight Actions", "children": [{"colorCode": "App Actions", "name": ["What", "is", "the", "status", "of", "my", "application", "WW?"], "key": "What is the status of my application WW?\n [ 4269 ] ", "size": 5}], "key": "status application ww [4269,1]", "name": ["status", "application", "ww"]}], "key": "Status (WWZ 1 7 2015) [5349,10]", "name": ["Status", "(WWZ", "1", "7", "2015)"]}, {"size": 25, "colorCode": "Exploration Actions", "children": [{"size": 7, "colorCode": "Insight Actions", "children": [{"colorCode": "App Actions", "name": ["When", "are", "my", "expenses", "reimbursed", "for", "appointments", "at", "UWV?"], "key": "When are my expenses reimbursed for appointments at UWV?\n [ 45 ] ", "size": 5}], "key": "expenses reimbursed appointments uwv [45,1]", "name": ["expenses", "reimbursed", "appointments", "uwv"]}, {"size": 7, "colorCode": "Insight Actions", "children": [{"colorCode": "App Actions", "name": ["I", "want", "to", "make", "an", "appointment", "with", "a", "consultant", "work."], "key": "I want to make an appointment with a consultant work.\n [ 432 ] ", "size": 5}], "key": "want appointment consultant work [432,1]", "name": ["want", "appointment", "consultant", "work"]}, {"size": 7, "colorCode": "Insight Actions", "children": [{"colorCode": "App Actions", "name": ["I", "have", "no", "passport", "or", "identity", "card.", "Can", "I", "take", "my", "driver's", "license?"], "key": "I have no passport or identity card. Can I take my driver's license?\n [ 28 ] ", "size": 5}], "key": "passport identity card take drivers license [28,1]", "name": ["passport", "identity", "card", "take", "drivers", "license"]}, {"size": 7, "colorCode": "Insight Actions", "children": [{"colorCode": "App Actions", "name": ["I", "always", "like", "to", "apply", "by", "phone", "and", "have", "no", "letters.", "What", "should", "I", "bring?"], "key": "I always like to apply by phone and have no letters. What should I bring?\n [ 2 ] ", "size": 5}], "key": "always like apply phone letters bring [2,1]", "name": ["always", "like", "apply", "phone", "letters", "bring"]}, {"size": 7, "colorCode": "Insight Actions", "children": [{"colorCode": "App Actions", "name": ["I'm", "late", "for", "my", "appointment.", "What", "should", "I", "do?"], "key": "I'm late for my appointment. What should I do?\n [ 167 ] ", "size": 5}], "key": "im late appointment [167,1]", "name": ["im", "late", "appointment"]}, {"size": 7, "colorCode": "Insight Actions", "children": [{"colorCode": "App Actions", "name": ["When", "paid", "my", "travel", "expenses?"], "key": "When paid my travel expenses?\n [ 35 ] ", "size": 5}], "key": "paid travel expenses [35,1]", "name": ["paid", "travel", "expenses"]}, {"size": 7, "colorCode": "Insight Actions", "children": [{"colorCode": "App Actions", "name": ["I'm", "not", "called", "back", "following", "an", "appointment.", "What", "should", "I", "do?"], "key": "I'm not called back following an appointment. What should I do?\n [ 14 ] ", "size": 5}], "key": "im called back following appointment [14,1]", "name": ["im", "called", "back", "following", "appointment"]}, {"size": 7, "colorCode": "Insight Actions", "children": [{"colorCode": "App Actions", "name": ["I", "want", "to", "move", "my", "appointment", "for", "the", "workshop"], "key": "I want to move my appointment for the workshop\n [ 22 ] ", "size": 5}], "key": "want appointment [22,1]", "name": ["want", "appointment"]}, {"size": 7, "colorCode": "Insight Actions", "children": [{"colorCode": "App Actions", "name": ["I", "receive", "a", "benefit", "from", "UWV", "or", "have", "one", "made", "and", "want", "to", "cancel", "my", "appointment", "(with", "the", "consultant", "work)", "(valid", "reason)"], "key": "I receive a benefit from UWV or have one made and want to cancel my appointment (with the consultant work) (valid reason)\n [ 1133 ] ", "size": 5}], "key": "receive benefit uwv one made want cel valid reason [1133,1]", "name": ["receive", "benefit", "uwv", "one", "made", "want", "cel", "valid", "reason"]}, {"size": 7, "colorCode": "Insight Actions", "children": [{"colorCode": "App Actions", "name": ["I", "do", "not", "receive", "payment", "from", "the", "UWV", "and", "want", "to", "cancel", "my", "appointment", "(with", "the", "consultant", "work)."], "key": "I do not receive payment from the UWV and want to cancel my appointment (with the consultant work).\n [ 12 ] ", "size": 5}], "key": "want appointment uwv [12,1]", "name": ["want", "appointment", "uwv"]}, {"size": 7, "colorCode": "Insight Actions", "children": [{"colorCode": "App Actions", "name": ["I", "receive", "a", "benefit", "from", "UWV", "or", "have", "one", "made", "and", "want", "my", "appointment", "(with", "the", "consultant", "work)", "cancel", "(no", "valid", "reason)."], "key": "I receive a benefit from UWV or have one made and want my appointment (with the consultant work) cancel (no valid reason).\n [ 168 ] ", "size": 5}, {"colorCode": "App Actions", "name": ["I", "receive", "a", "benefit", "from", "UWV", "or", "have", "one", "made", "and", "want", "to", "cancel", "my", "appointment", "(with", "the", "consultant", "work)", "(valid", "reason)"], "key": "I receive a benefit from UWV or have one made and want to cancel my appointment (with the consultant work) (valid reason)\n [ 1133 ] ", "size": 5}], "key": "receive benefit uwv one made want appointment consultant work cel valid reason [1301,2]", "name": ["receive", "benefit", "uwv", "one", "made", "want", "appointment", "consultant", "work", "cel", "valid", "reason"]}, {"size": 7, "colorCode": "Insight Actions", "children": [{"colorCode": "App Actions", "name": ["I", "have", "been", "asked", "to", "contact", "a", "member", "of", "the", "UWV"], "key": "I have been asked to contact a member of the UWV\n [ 25 ] ", "size": 5}], "key": "asked contact member uwv [25,1]", "name": ["asked", "contact", "member", "uwv"]}, {"size": 7, "colorCode": "Insight Actions", "children": [{"colorCode": "App Actions", "name": ["I", "want", "to", "cancel", "my", "appointment", "for", "the", "workshop"], "key": "I want to cancel my appointment for the workshop\n [ 50 ] ", "size": 5}], "key": "want cel appointment workshop [50,1]", "name": ["want", "cel", "appointment", "workshop"]}, {"size": 7, "colorCode": "Insight Actions", "children": [{"colorCode": "App Actions", "name": ["I", "have", "only", "one", "call", "after", "3", "months.", "It", "is", "still", "possible", "to", "rather", "get", "a", "call?"], "key": "I have only one call after 3 months. It is still possible to rather get a call?\n [ 59 ] ", "size": 5}], "key": "one call months still possible rather get call [59,1]", "name": ["one", "call", "months", "still", "possible", "rather", "get", "call"]}, {"size": 7, "colorCode": "Insight Actions", "children": [{"colorCode": "App Actions", "name": ["I'd", "like", "another", "consultant", "work.", "How", "do", "I", "arrange", "that?"], "key": "I'd like another consultant work. How do I arrange that?\n [ 12 ] ", "size": 5}, {"colorCode": "App Actions", "name": ["I", "do", "not", "agree", "with", "the", "content", "of", "the", "interview", "report", "of", "the", "consultant", "work.", "What", "can", "I", "do", "about", "it?"], "key": "I do not agree with the content of the interview report of the consultant work. What can I do about it?\n [ 2 ] ", "size": 5}, {"colorCode": "App Actions", "name": ["I", "had", "a", "conversation", "with", "the", "consultant", "work", "and", "there", "is", "a", "re", "integrating", "advice", "requested", "for", "me.", "What", "about", "this?"], "key": "I had a conversation with the consultant work and there is a re integrating advice requested for me. What about this?\n [ 1 ] ", "size": 5}], "key": "consultant work [15,3]", "name": ["consultant", "work"]}, {"size": 7, "colorCode": "Insight Actions", "children": [{"colorCode": "App Actions", "name": ["I", "need", "to", "get", "an", "appointment", "with", "an", "advisor", "work.", "Should", "I", "bring", "any", "special", "papers?"], "key": "I need to get an appointment with an advisor work. Should I bring any special papers?\n [ 43 ] ", "size": 5}], "key": "need get appointment advisor work bring special papers [43,1]", "name": ["need", "get", "appointment", "advisor", "work", "bring", "special", "papers"]}, {"size": 7, "colorCode": "Insight Actions", "children": [{"colorCode": "App Actions", "name": ["I", "have", "an", "appointment", "with", "UWV", "but", "have", "not", "all", "the", "evidence", "complete.", "Will", "the", "appointment", "by", "now?"], "key": "I have an appointment with UWV but have not all the evidence complete. Will the appointment by now?\n [ 9 ] ", "size": 5}], "key": "appointment uwv evidence complete appointment [9,1]", "name": ["appointment", "uwv", "evidence", "complete", "appointment"]}, {"size": 7, "colorCode": "Insight Actions", "children": [{"colorCode": "App Actions", "name": ["I", "do", "not", "receive", "payment", "from", "the", "UWV", "and", "want", "to", "cancel", "my", "appointment", "(with", "the", "consultant", "work)."], "key": "I do not receive payment from the UWV and want to cancel my appointment (with the consultant work).\n [ 12 ] ", "size": 5}], "key": "want cel appointment uwv [12,1]", "name": ["want", "cel", "appointment", "uwv"]}, {"size": 7, "colorCode": "Insight Actions", "children": [{"colorCode": "App Actions", "name": ["What", "time/when/with", "whom", "I", "have", "my", "appointment?"], "key": "What time/when/with whom I have my appointment?\n [ 761 ] ", "size": 5}], "key": "timewhenwith appointment [761,1]", "name": ["timewhenwith", "appointment"]}, {"size": 7, "colorCode": "Insight Actions", "children": [{"colorCode": "App Actions", "name": ["I", "want", "to", "cancel", "my", "appointment", "for", "the", "workshop"], "key": "I want to cancel my appointment for the workshop\n [ 50 ] ", "size": 5}], "key": "want appointment workshop [50,1]", "name": ["want", "appointment", "workshop"]}, {"size": 7, "colorCode": "Insight Actions", "children": [{"colorCode": "App Actions", "name": ["I'm", "not", "appeared", "on", "my", "appointment.", "What", "should", "I", "do?"], "key": "I'm not appeared on my appointment. What should I do?\n [ 209 ] ", "size": 5}], "key": "im appeared appointment [209,1]", "name": ["im", "appeared", "appointment"]}, {"size": 7, "colorCode": "Insight Actions", "children": [{"colorCode": "App Actions", "name": ["I", "want", "to", "unsubscribe", "for", "a", "speed", "date"], "key": "I want to unsubscribe for a speed date\n [ 33 ] ", "size": 5}], "key": "want unsubscribe speed date [33,1]", "name": ["want", "unsubscribe", "speed", "date"]}, {"size": 7, "colorCode": "Insight Actions", "children": [{"colorCode": "App Actions", "name": ["I", "was", "invited", "for", "an", "evaluation.", "What", "this", "conversation", "means?"], "key": "I was invited for an evaluation. What this conversation means?\n [ 108 ] ", "size": 5}], "key": "invited evaluation conversation means [108,1]", "name": ["invited", "evaluation", "conversation", "means"]}, {"size": 7, "colorCode": "Insight Actions", "children": [{"colorCode": "App Actions", "name": ["specific", "question"], "key": "specific question\n [ 9 ] ", "size": 5}], "key": "specific question [9,1]", "name": ["specific", "question"]}, {"size": 7, "colorCode": "Insight Actions", "children": [{"colorCode": "App Actions", "name": ["I", "got", "a", "letter", "for", "an", "interview", "with", "a", "counselor", "job.", "Why", "am", "I", "calling?"], "key": "I got a letter for an interview with a counselor job. Why am I calling?\n [ 57 ] ", "size": 5}], "key": "got letter interview counselor job calling [57,1]", "name": ["got", "letter", "interview", "counselor", "job", "calling"]}, {"size": 7, "colorCode": "Insight Actions", "children": [{"colorCode": "App Actions", "name": ["I", "got", "a", "call", "saying", "that", "I", "need", "to", "bring", "my", "applications.", "Why", "is", "that?", "The", "call", "will", "include", "about", "anywhere", "else."], "key": "I got a call saying that I need to bring my applications. Why is that? The call will include about anywhere else.\n [ 11 ] ", "size": 5}], "key": "got call saying need bring applications call include anywhere else [11,1]", "name": ["got", "call", "saying", "need", "bring", "applications", "call", "include", "anywhere", "else"]}, {"size": 7, "colorCode": "Insight Actions", "children": [{"colorCode": "App Actions", "name": ["I", "get", "unemployment", "benefits.", "When", "I", "have", "an", "interview", "for", "the", "first", "time?"], "key": "I get unemployment benefits. When I have an interview for the first time?\n [ 24 ] ", "size": 5}], "key": "get unemployment benefits interview first time [24,1]", "name": ["get", "unemployment", "benefits", "interview", "first", "time"]}, {"size": 7, "colorCode": "Insight Actions", "children": [{"colorCode": "App Actions", "name": ["I", "want", "to", "cancel", "my", "appointment/move", "with", "the", "consultant", "job"], "key": "I want to cancel my appointment/move with the consultant job\n [ 2043 ] ", "size": 5}], "key": "want cel appointmentmove consultant job [2043,1]", "name": ["want", "cel", "appointmentmove", "consultant", "job"]}], "key": "appointments [5514,28]", "name": ["appointments"]}, {"size": 25, "colorCode": "Exploration Actions", "children": [{"size": 7, "colorCode": "Insight Actions", "children": [{"colorCode": "App Actions", "name": ["Can", "I", "get", "an", "advance", "on", "my", "current", "unemployment", "benefit?"], "key": "Can I get an advance on my current unemployment benefit?\n [ 81 ] ", "size": 5}], "key": "unemployment benefit [81,1]", "name": ["unemployment", "benefit"]}, {"size": 7, "colorCode": "Insight Actions", "children": [{"colorCode": "App Actions", "name": ["I", "received", "a", "letter", "from", "the", "UWV", "about", "the", "interference", "My", "UWV.", "It", "states", "that", "my", "income", "is", "determined", "based", "on", "my", "income", "in", "October.", "Is", "this", "correct?"], "key": "I received a letter from the UWV about the interference My UWV. It states that my income is determined based on my income in October. Is this correct?\n [ 11 ] ", "size": 5}], "key": "received letter uwv interference uwv states income determined based income october correct [11,1]", "name": ["received", "letter", "uwv", "interference", "uwv", "states", "income", "determined", "based", "income", "october", "correct"]}, {"size": 7, "colorCode": "Insight Actions", "children": [{"colorCode": "App Actions", "name": ["When", "is/are", "transferred", "my", "unemployment", "benefits?"], "key": "When is/are transferred my unemployment benefits?\n [ 11357 ] ", "size": 5}], "key": "unemployment benefits [11357,1]", "name": ["unemployment", "benefits"]}, {"size": 7, "colorCode": "Insight Actions", "children": [{"colorCode": "App Actions", "name": ["I'm", "called", "by", "UWV", "to", "pass", "my", "income", "because", "of", "the", "interference", "My", "UWV.", "I", "have", "this", "also", "transmitted", "to", "the", "caller.", "Is", "this", "correct?"], "key": "I'm called by UWV to pass my income because of the interference My UWV. I have this also transmitted to the caller. Is this correct?\n [ 4 ] ", "size": 5}, {"colorCode": "App Actions", "name": ["I'm", "called", "by", "UWV", "to", "pass", "my", "income", "because", "of", "the", "interference", "My", "UWV.", "Is", "this", "correct?"], "key": "I'm called by UWV to pass my income because of the interference My UWV. Is this correct?\n [ 28 ] ", "size": 5}], "key": "im called uwv pass income interference [32,2]", "name": ["im", "called", "uwv", "pass", "income", "interference"]}, {"size": 7, "colorCode": "Insight Actions", "children": [{"colorCode": "App Actions", "name": ["specific", "question"], "key": "specific question\n [ 2 ] ", "size": 5}], "key": "specific question [2,1]", "name": ["specific", "question"]}, {"size": 7, "colorCode": "Insight Actions", "children": [{"colorCode": "App Actions", "name": ["When", "I", "get", "back", "overpaid", "contribution", "Health", "Insurance", "(Health", "Insurance", "Act)?"], "key": "When I get back overpaid contribution Health Insurance (Health Insurance Act)?\n [ 4 ] ", "size": 5}], "key": "get back overpaid contribution health insurance health insurance act [4,1]", "name": ["get", "back", "overpaid", "contribution", "health", "insurance", "health", "insurance", "act"]}, {"size": 7, "colorCode": "Insight Actions", "children": [{"colorCode": "App Actions", "name": ["Is", "my", "payment", "from", "January", "2016", "deducted", "the", "correct", "amount", "of", "income", "tax?"], "key": "Is my payment from January 2016 deducted the correct amount of income tax?\n [ 2 ] ", "size": 5}], "key": "amount payment [2,1]", "name": ["amount", "payment"]}, {"size": 7, "colorCode": "Insight Actions", "children": [{"colorCode": "App Actions", "name": ["Why", "did", "you", "change", "the", "amount", "of", "my", "payment?"], "key": "Why did you change the amount of my payment?\n [ 1881 ] ", "size": 5}], "key": "change amount payment [1881,1]", "name": ["change", "amount", "payment"]}, {"size": 7, "colorCode": "Insight Actions", "children": [{"colorCode": "App Actions", "name": ["When", "will", "I", "receive", "the", "first", "payment", "of", "my", "unemployment", "benefits?"], "key": "When will I receive the first payment of my unemployment benefits?\n [ 1979 ] ", "size": 5}], "key": "receive first payment unemployment benefits [1979,1]", "name": ["receive", "first", "payment", "unemployment", "benefits"]}, {"size": 7, "colorCode": "Insight Actions", "children": [{"colorCode": "App Actions", "name": ["I", "get", "a", "breakdown", "of", "my", "payment?"], "key": "I get a breakdown of my payment?\n [ 73 ] ", "size": 5}], "key": "get breakdown payment [73,1]", "name": ["get", "breakdown", "payment"]}, {"size": 7, "colorCode": "Insight Actions", "children": [{"colorCode": "App Actions", "name": ["Why", "is", "my", "benefit", "paid", "monthly", "and", "not", "every", "4", "weeks?", "(conversion)"], "key": "Why is my benefit paid monthly and not every 4 weeks? (conversion)\n [ 210 ] ", "size": 5}], "key": "benefit paid monthly every weeks conversion [210,1]", "name": ["benefit", "paid", "monthly", "every", "weeks", "conversion"]}, {"size": 7, "colorCode": "Insight Actions", "children": [{"colorCode": "App Actions", "name": ["Why", "is", "my", "unemployment", "benefit", "less", "than", "the", "sickness", "benefit?"], "key": "Why is my unemployment benefit less than the sickness benefit?\n [ 14 ] ", "size": 5}], "key": "unemployment benefit less sickness benefit [14,1]", "name": ["unemployment", "benefit", "less", "sickness", "benefit"]}], "key": "Payment (WWZ 1 7 2015) [15646,13]", "name": ["Payment", "(WWZ", "1", "7", "2015)"]}, {"size": 25, "colorCode": "Exploration Actions", "children": [{"size": 7, "colorCode": "Insight Actions", "children": [{"colorCode": "App Actions", "name": ["I", "want", "to", "report", "a", "change"], "key": "I want to report a change\n [ 3442 ] ", "size": 5}], "key": "want report change [3442,1]", "name": ["want", "report", "change"]}, {"size": 7, "colorCode": "Insight Actions", "children": [{"colorCode": "App Actions", "name": ["Change", "Form:", "When", "should", "I", "submit", "my", "change", "form", "WW?"], "key": "Change Form: When should I submit my change form WW?\n [ 8 ] ", "size": 5}], "key": "change form submit change form ww [8,1]", "name": ["change", "form", "submit", "change", "form", "ww"]}, {"size": 7, "colorCode": "Insight Actions", "children": [{"colorCode": "App Actions", "name": ["RECOVERY", "REPORT"], "key": "RECOVERY REPORT\n [ 119 ] ", "size": 5}], "key": "recovery report [119,1]", "name": ["recovery", "report"]}, {"size": 7, "colorCode": "Insight Actions", "children": [{"colorCode": "App Actions", "name": ["specific", "question"], "key": "specific question\n [ 8 ] ", "size": 5}], "key": "specific question [8,1]", "name": ["specific", "question"]}, {"size": 7, "colorCode": "Insight Actions", "children": [{"colorCode": "App Actions", "name": ["reporting", "sick"], "key": "reporting sick\n [ 702 ] ", "size": 5}], "key": "reporting sick [702,1]", "name": ["reporting", "sick"]}, {"size": 7, "colorCode": "Insight Actions", "children": [{"colorCode": "App Actions", "name": ["I", "want", "to", "report", "me", "sick"], "key": "I want to report me sick\n [ 128 ] ", "size": 5}], "key": "want report [128,1]", "name": ["want", "report"]}, {"size": 7, "colorCode": "Insight Actions", "children": [{"colorCode": "App Actions", "name": ["What", "should", "I", "do", "if", "I", "have", "an", "unemployment", "benefit", "and", "should", "be", "in", "detention?"], "key": "What should I do if I have an unemployment benefit and should be in detention?\n [ 6 ] ", "size": 5}], "key": "unemployment benefit detention [6,1]", "name": ["unemployment", "benefit", "detention"]}, {"size": 7, "colorCode": "Insight Actions", "children": [{"colorCode": "App Actions", "name": ["What", "happens", "to", "my", "unemployment", "benefits", "if", "I", "go", "abroad", "for", "any", "reason", "other", "than", "vacation?"], "key": "What happens to my unemployment benefits if I go abroad for any reason other than vacation?\n [ 49 ] ", "size": 5}], "key": "happens unemployment benefits go abroad reason vacation [49,1]", "name": ["happens", "unemployment", "benefits", "go", "abroad", "reason", "vacation"]}, {"size": 7, "colorCode": "Insight Actions", "children": [{"colorCode": "App Actions", "name": ["Change", "form:", "What", "should", "I", "do", "if", "I", "made", "a", "mistake", "in", "completing", "the", "change", "form", "WW?"], "key": "Change form: What should I do if I made a mistake in completing the change form WW?\n [ 1 ] ", "size": 5}, {"colorCode": "App Actions", "name": ["Change", "form:", "Is", "my", "amendment", "form", "WW", "already", "inside?"], "key": "Change form: Is my amendment form WW already inside?\n [ 3 ] ", "size": 5}], "key": "change form ww [4,2]", "name": ["change", "form", "ww"]}], "key": "Report changes [4466,10]", "name": ["Report", "changes"]}, {"size": 25, "colorCode": "Exploration Actions", "children": [{"size": 7, "colorCode": "Insight Actions", "children": [{"colorCode": "App Actions", "name": ["How", "is", "the", "net", "amount", "of", "my", "unemployment", "benefits?"], "key": "How is the net amount of my unemployment benefits?\n [ 401 ] ", "size": 5}, {"colorCode": "App Actions", "name": ["Does", "parental", "leave", "before", "I", "was", "unemployed,", "affect", "the", "amount", "of", "my", "unemployment", "benefits?"], "key": "Does parental leave before I was unemployed, affect the amount of my unemployment benefits?\n [ 26 ] ", "size": 5}], "key": "amount unemployment benefits [427,2]", "name": ["amount", "unemployment", "benefits"]}, {"size": 7, "colorCode": "Insight Actions", "children": [{"colorCode": "App Actions", "name": ["Do", "I", "have", "to", "pay", "income", "tax", "and", "contributions", "on", "my", "unemployment", "benefits?"], "key": "Do I have to pay income tax and contributions on my unemployment benefits?\n [ 30 ] ", "size": 5}], "key": "pay income tax contributions unemployment benefits [30,1]", "name": ["pay", "income", "tax", "contributions", "unemployment", "benefits"]}, {"size": 7, "colorCode": "Insight Actions", "children": [{"colorCode": "App Actions", "name": ["Count", "my", "holidays", "not", "taken", "into", "account", "for", "the", "height", "of", "my", "daily", "wage?"], "key": "Count my holidays not taken into account for the height of my daily wage?\n [ 3 ] ", "size": 5}], "key": "count holidays taken account height daily wage [3,1]", "name": ["count", "holidays", "taken", "account", "height", "daily", "wage"]}, {"size": 7, "colorCode": "Insight Actions", "children": [{"colorCode": "App Actions", "name": ["What", "is", "the", "guaranteed", "wage?"], "key": "What is the guaranteed wage?\n [ 34 ] ", "size": 5}], "key": "guaranteed wage [34,1]", "name": ["guaranteed", "wage"]}, {"size": 7, "colorCode": "Insight Actions", "children": [{"colorCode": "App Actions", "name": ["How", "is", "my", "daily", "wage", "is", "determined", "as", "I", "had", "before", "WW", "and", "went", "to", "work", "for", "lower", "wages?"], "key": "How is my daily wage is determined as I had before WW and went to work for lower wages?\n [ 80 ] ", "size": 5}, {"colorCode": "App Actions", "name": ["I", "am", "made", "redundant", "from", "a", "job", "with", "a", "lower", "wage", "than", "before.", "What", "reward", "is", "now", "being", "used", "in", "the", "calculation", "of", "my", "unemployment", "benefits?"], "key": "I am made redundant from a job with a lower wage than before. What reward is now being used in the calculation of my unemployment benefits?\n [ 24 ] ", "size": 5}], "key": "lower wage [104,2]", "name": ["lower", "wage"]}, {"size": 7, "colorCode": "Insight Actions", "children": [{"colorCode": "App Actions", "name": ["specific", "question"], "key": "specific question\n [ 3 ] ", "size": 5}], "key": "specific question [3,1]", "name": ["specific", "question"]}, {"size": 7, "colorCode": "Insight Actions", "children": [{"colorCode": "App Actions", "name": ["What", "is", "the", "SV", "wages?"], "key": "What is the SV wages?\n [ 207 ] ", "size": 5}], "key": "sv wages [207,1]", "name": ["sv", "wages"]}, {"size": 7, "colorCode": "Insight Actions", "children": [{"colorCode": "App Actions", "name": ["What", "benefits", "will", "I", "get?"], "key": "What benefits will I get?\n [ 1437 ] ", "size": 5}], "key": "benefits get [1437,1]", "name": ["benefits", "get"]}, {"size": 7, "colorCode": "Insight Actions", "children": [{"colorCode": "App Actions", "name": ["What", "changes", "to", "the", "rules", "for", "determining", "the", "amount", "of", "my", "payment?"], "key": "What changes to the rules for determining the amount of my payment?\n [ 3 ] ", "size": 5}], "key": "changes rules determining amount payment [3,1]", "name": ["changes", "rules", "determining", "amount", "payment"]}, {"size": 7, "colorCode": "Insight Actions", "children": [{"colorCode": "App Actions", "name": ["Why", "is", "the", "difference", "between", "my", "gross", "and", "net", "unemployment", "benefit", "so", "big?"], "key": "Why is the difference between my gross and net unemployment benefit so big?\n [ 19 ] ", "size": 5}], "key": "difference gross net unemployment benefit big [19,1]", "name": ["difference", "gross", "net", "unemployment", "benefit", "big"]}, {"size": 7, "colorCode": "Insight Actions", "children": [{"colorCode": "App Actions", "name": ["I", "already", "and", "unemployment", "have", "become", "unemployed", "again.", "How", "is", "my", "unemployment?"], "key": "I already and unemployment have become unemployed again. How is my unemployment?\n [ 35 ] ", "size": 5}], "key": "already unemployment become unemployed unemployment [35,1]", "name": ["already", "unemployment", "become", "unemployed", "unemployment"]}, {"size": 7, "colorCode": "Insight Actions", "children": [{"colorCode": "App Actions", "name": ["When", "does", "the", "guarantee?"], "key": "When does the guarantee?\n [ 131 ] ", "size": 5}], "key": "guarantee [131,1]", "name": ["guarantee"]}, {"size": 7, "colorCode": "Insight Actions", "children": [{"colorCode": "App Actions", "name": ["How", "is", "the", "level", "of", "my", "daily", "wage?"], "key": "How is the level of my daily wage?\n [ 1836 ] ", "size": 5}, {"colorCode": "App Actions", "name": ["Counts", "holiday", "pay", "in", "the", "calculation", "of", "the", "daily", "wage?"], "key": "Counts holiday pay in the calculation of the daily wage?\n [ 8 ] ", "size": 5}], "key": "daily wage [1844,2]", "name": ["daily", "wage"]}], "key": "Height allowance (WWZ 1 7 2015) [4277,16]", "name": ["Height", "allowance", "(WWZ", "1", "7", "2015)"]}, {"size": 25, "colorCode": "Exploration Actions", "children": [{"size": 7, "colorCode": "Insight Actions", "children": [{"colorCode": "App Actions", "name": ["Pre-populated", "data:", "UWV", "shows", "a", "different", "amount", "than", "my", "own", "statement", "from", "last", "month."], "key": "Pre-populated data: UWV shows a different amount than my own statement from last month.\n [ 328 ] ", "size": 5}], "key": "last month [328,1]", "name": ["last", "month"]}, {"size": 7, "colorCode": "Insight Actions", "children": [{"colorCode": "App Actions", "name": ["Pre-populated", "data:", "Why", "UWV", "shows", "a", "different", "amount", "of", "income", "then", "I", "passed", "my", "form", "Income", "quoted", "last", "month?"], "key": "Pre-populated data: Why UWV shows a different amount of income then I passed my form Income quoted last month?\n [ 253 ] ", "size": 5}], "key": "prepopulated data uwv shows different amount income passed form income quoted last month [253,1]", "name": ["prepopulated", "data", "uwv", "shows", "different", "amount", "income", "passed", "form", "income", "quoted", "last", "month"]}, {"size": 7, "colorCode": "Insight Actions", "children": [{"colorCode": "App Actions", "name": ["Filling:", "I", "can", "not", "find", "my", "payslip", "my", "SV", "wages.", "What", "should", "I", "fill?"], "key": "Filling: I can not find my payslip my SV wages. What should I fill?\n [ 918 ] ", "size": 5}], "key": "filling find payslip sv wages fill [918,1]", "name": ["filling", "find", "payslip", "sv", "wages", "fill"]}, {"size": 7, "colorCode": "Insight Actions", "children": [{"colorCode": "App Actions", "name": ["Why", "should", "I", "report", "my", "income", "to", "UWV?"], "key": "Why should I report my income to UWV?\n [ 215 ] ", "size": 5}], "key": "report income uwv [215,1]", "name": ["report", "income", "uwv"]}, {"size": 7, "colorCode": "Insight Actions", "children": [{"colorCode": "App Actions", "name": ["Filling:", "I", "have", "had", "more", "than", "one", "employer", "in", "a", "month.", "What", "income", "do", "I", "have?"], "key": "Filling: I have had more than one employer in a month. What income do I have?\n [ 93 ] ", "size": 5}], "key": "filling one employer month income [93,1]", "name": ["filling", "one", "employer", "month", "income"]}, {"size": 7, "colorCode": "Insight Actions", "children": [{"colorCode": "App Actions", "name": ["Filling:", "I", "can", "enter", "only", "whole", "hours", "on", "my", "Income", "Statement.", "Is", "that", "right?"], "key": "Filling: I can enter only whole hours on my Income Statement. Is that right?\n [ 10 ] ", "size": 5}], "key": "filling enter whole hours income statement right [10,1]", "name": ["filling", "enter", "whole", "hours", "income", "statement", "right"]}, {"size": 7, "colorCode": "Insight Actions", "children": [{"colorCode": "App Actions", "name": ["Filling:", "I", "have", "not", "(yet)", "received", "a", "paycheck.", "What", "income", "do", "I", "have?"], "key": "Filling: I have not (yet) received a paycheck. What income do I have?\n [ 342 ] ", "size": 5}], "key": "filling yet received paycheck income [342,1]", "name": ["filling", "yet", "received", "paycheck", "income"]}, {"size": 7, "colorCode": "Insight Actions", "children": [{"colorCode": "App Actions", "name": ["Prefilled", "data", "Where", "the", "amounts", "on", "the", "Income", "Problem", "come", "from?"], "key": "Prefilled data Where the amounts on the Income Problem come from?\n [ 349 ] ", "size": 5}], "key": "prefilled data amounts income problem come [349,1]", "name": ["prefilled", "data", "amounts", "income", "problem", "come"]}, {"size": 7, "colorCode": "Insight Actions", "children": [{"colorCode": "App Actions", "name": ["Problem:", "I", "have", "to", "pay", "sv", "\u20ac", "0", "and", "further", "fill", "only", "the", "amount", "of", "holiday", "pay.", "What", "should", "I", "do", "if", "I", "get", "an", "error?"], "key": "Problem: I have to pay sv \u20ac 0 and further fill only the amount of holiday pay. What should I do if I get an error?\n [ 53 ] ", "size": 5}], "key": "problem pay sv fill amount holiday pay get error [53,1]", "name": ["problem", "pay", "sv", "fill", "amount", "holiday", "pay", "get", "error"]}, {"size": 7, "colorCode": "Insight Actions", "children": [{"colorCode": "App Actions", "name": ["Filling:", "I", "get", "paid", "weekly.", "What", "amounts", "should", "I", "fill?"], "key": "Filling: I get paid weekly. What amounts should I fill?\n [ 235 ] ", "size": 5}], "key": "filling get paid weekly amounts fill [235,1]", "name": ["filling", "get", "paid", "weekly", "amounts", "fill"]}, {"size": 7, "colorCode": "Insight Actions", "children": [{"colorCode": "App Actions", "name": ["Filling:", "Should", "I", "UWV", "benefits", "pass", "as", "income?"], "key": "Filling: Should I UWV benefits pass as income?\n [ 217 ] ", "size": 5}], "key": "filling income uwv [217,1]", "name": ["filling", "income", "uwv"]}, {"size": 7, "colorCode": "Insight Actions", "children": [{"colorCode": "App Actions", "name": ["Filling:", "I", "can", "not", "find", "my", "paycheck", "the", "paid", "holiday.", "What", "should", "I", "fill?"], "key": "Filling: I can not find my paycheck the paid holiday. What should I fill?\n [ 89 ] ", "size": 5}], "key": "filling find [89,1]", "name": ["filling", "find"]}, {"size": 7, "colorCode": "Insight Actions", "children": [{"colorCode": "App Actions", "name": ["General:", "What", "happens", "when", "I", "send", "the", "form", "to", "let", "Revenue", "Problem?"], "key": "General: What happens when I send the form to let Revenue Problem?\n [ 165 ] ", "size": 5}], "key": "general form revenue problem [165,1]", "name": ["general", "form", "revenue", "problem"]}, {"size": 7, "colorCode": "Insight Actions", "children": [{"colorCode": "App Actions", "name": ["General:", "When", "should", "I", "send", "the", "form", "Income", "quoted", "when", "I", "go", "on", "holiday?"], "key": "General: When should I send the form Income quoted when I go on holiday?\n [ 45 ] ", "size": 5}], "key": "general send form income quoted [45,1]", "name": ["general", "send", "form", "income", "quoted"]}, {"size": 7, "colorCode": "Insight Actions", "children": [{"colorCode": "App Actions", "name": ["Problem:", "I", "have", "not", "received", "Income", "Statement.", "What", "now?"], "key": "Problem: I have not received Income Statement. What now?\n [ 2254 ] ", "size": 5}, {"colorCode": "App Actions", "name": ["Filling:", "I", "have", "this", "month", "income", "received", "relating", "to", "other", "periods,", "now", "what?"], "key": "Filling: I have this month income received relating to other periods, now what?\n [ 947 ] ", "size": 5}], "key": "income received [3201,2]", "name": ["income", "received"]}, {"size": 7, "colorCode": "Insight Actions", "children": [{"colorCode": "App Actions", "name": ["Pre-populated", "data:", "UWV", "shows", "a", "different", "amount", "than", "my", "own", "statement", "from", "last", "month."], "key": "Pre-populated data: UWV shows a different amount than my own statement from last month.\n [ 328 ] ", "size": 5}], "key": "prepopulated data uwv shows different amount [328,1]", "name": ["prepopulated", "data", "uwv", "shows", "different", "amount"]}, {"size": 7, "colorCode": "Insight Actions", "children": [{"colorCode": "App Actions", "name": ["Pre-populated", "data:", "The", "name", "of", "my", "employer", "missing.", "What", "now?"], "key": "Pre-populated data: The name of my employer missing. What now?\n [ 194 ] ", "size": 5}], "key": "prepopulated data [194,1]", "name": ["prepopulated", "data"]}, {"size": 7, "colorCode": "Insight Actions", "children": [{"colorCode": "App Actions", "name": ["Filling:", "I", "expect", "this", "month", "have", "no", "income.", "I", "can", "indicate", "that", "even", "before", "the", "end", "of", "the", "month?"], "key": "Filling: I expect this month have no income. I can indicate that even before the end of the month?\n [ 34 ] ", "size": 5}], "key": "filling income [34,1]", "name": ["filling", "income"]}, {"size": 7, "colorCode": "Insight Actions", "children": [{"colorCode": "App Actions", "name": ["I", "have", "become", "partially", "unemployed.", "Should", "I", "give", "all", "my", "earnings?"], "key": "I have become partially unemployed. Should I give all my earnings?\n [ 8 ] ", "size": 5}], "key": "become partially unemployed give earnings [8,1]", "name": ["become", "partially", "unemployed", "give", "earnings"]}, {"size": 7, "colorCode": "Insight Actions", "children": [{"colorCode": "App Actions", "name": ["Malfunction:", "I", "can", "not", "log", "into", "my", "UWV.", "Is", "that", "right?"], "key": "Malfunction: I can not log into my UWV. Is that right?\n [ 3 ] ", "size": 5}], "key": "malfunction log uwv right [3,1]", "name": ["malfunction", "log", "uwv", "right"]}, {"size": 7, "colorCode": "Insight Actions", "children": [{"colorCode": "App Actions", "name": ["General:", "Is", "my", "form", "Income", "quoted", "in", "yet?"], "key": "General: Is my form Income quoted in yet?\n [ 1954 ] ", "size": 5}, {"colorCode": "App Actions", "name": ["General:", "Where", "can", "I", "download", "the", "form", "Income", "quoted", "on", "uwv.nl?"], "key": "General: Where can I download the form Income quoted on uwv.nl?\n [ 16 ] ", "size": 5}, {"colorCode": "App Actions", "name": ["General:", "Do", "I", "have", "to", "fill", "out", "the", "form", "Income", "quoted", "over", "the", "internet?"], "key": "General: Do I have to fill out the form Income quoted over the internet?\n [ 166 ] ", "size": 5}], "key": "general form income quoted [2136,3]", "name": ["general", "form", "income", "quoted"]}, {"size": 7, "colorCode": "Insight Actions", "children": [{"colorCode": "App Actions", "name": ["General:", "Why", "do", "I", "get", "a", "reminder", "about", "completing", "the", "form", "Income", "Problem?"], "key": "General: Why do I get a reminder about completing the form Income Problem?\n [ 249 ] ", "size": 5}, {"colorCode": "App Actions", "name": ["General:", "Where", "can", "I", "find", "the", "form", "Income", "Problem?"], "key": "General: Where can I find the form Income Problem?\n [ 3248 ] ", "size": 5}], "key": "general form income problem [3497,2]", "name": ["general", "form", "income", "problem"]}, {"size": 7, "colorCode": "Insight Actions", "children": [{"colorCode": "App Actions", "name": ["Filling:", "Should", "I", "pass", "my", "year-end", "bonus", "or", "13th", "month", "on", "the", "Income", "Problem?"], "key": "Filling: Should I pass my year-end bonus or 13th month on the Income Problem?\n [ 61 ] ", "size": 5}], "key": "pass income problem [61,1]", "name": ["pass", "income", "problem"]}, {"size": 7, "colorCode": "Insight Actions", "children": [{"colorCode": "App Actions", "name": ["Prefilled", "data", "I", "see", "earnings", "already", "filled", "my", "Income", "Quotation", "I", "did", "not", "expect."], "key": "Prefilled data I see earnings already filled my Income Quotation I did not expect.\n [ 450 ] ", "size": 5}, {"colorCode": "App Actions", "name": ["Prefilled", "data", "I", "enter", "for", "the", "first", "time", "my", "Income", "quoted", "in", "and", "I'm", "already", "filled", "revenue", "that", "I", "did", "not", "expect.", "How", "is", "that", "possible?"], "key": "Prefilled data I enter for the first time my Income quoted in and I'm already filled revenue that I did not expect. How is that possible?\n [ 64 ] ", "size": 5}], "key": "already filled [514,2]", "name": ["already", "filled"]}, {"size": 7, "colorCode": "Insight Actions", "children": [{"colorCode": "App Actions", "name": ["Malfunction:", "I", "can", "not", "fill", "my", "Income", "Statement.", "Is", "this", "correct?"], "key": "Malfunction: I can not fill my Income Statement. Is this correct?\n [ 40 ] ", "size": 5}, {"colorCode": "App Actions", "name": ["Problem:", "I", "have", "not", "received", "Income", "Statement.", "What", "now?"], "key": "Problem: I have not received Income Statement. What now?\n [ 2254 ] ", "size": 5}], "key": "income statement [2294,2]", "name": ["income", "statement"]}, {"size": 7, "colorCode": "Insight Actions", "children": [{"colorCode": "App Actions", "name": ["What", "should", "I", "include", "on", "my", "Income", "Problem?"], "key": "What should I include on my Income Problem?\n [ 1214 ] ", "size": 5}, {"colorCode": "App Actions", "name": ["Problem:", "I", "have", "not", "received", "Income", "Statement.", "What", "now?"], "key": "Problem: I have not received Income Statement. What now?\n [ 2254 ] ", "size": 5}], "key": "income problem [3468,2]", "name": ["income", "problem"]}, {"size": 7, "colorCode": "Insight Actions", "children": [{"colorCode": "App Actions", "name": ["General:", "What", "happens", "when", "I", "send", "the", "form", "to", "let", "Revenue", "Problem?"], "key": "General: What happens when I send the form to let Revenue Problem?\n [ 165 ] ", "size": 5}, {"colorCode": "App Actions", "name": ["General:", "When", "should", "I", "send", "the", "form", "Revenue", "Problem?"], "key": "General: When should I send the form Revenue Problem?\n [ 5881 ] ", "size": 5}], "key": "general send form revenue problem [6046,2]", "name": ["general", "send", "form", "revenue", "problem"]}, {"size": 7, "colorCode": "Insight Actions", "children": [{"colorCode": "App Actions", "name": ["General:", "How", "do", "I", "report", "my", "income", "if", "I", "paid", "4", "weeks?"], "key": "General: How do I report my income if I paid 4 weeks?\n [ 211 ] ", "size": 5}], "key": "report income [211,1]", "name": ["report", "income"]}, {"size": 7, "colorCode": "Insight Actions", "children": [{"colorCode": "App Actions", "name": ["Pre-populated", "data:", "What", "if", "I", "have", "passed", "more", "revenue", "than", "stand", "in", "the", "UWV", "data?"], "key": "Pre-populated data: What if I have passed more revenue than stand in the UWV data?\n [ 87 ] ", "size": 5}, {"colorCode": "App Actions", "name": ["Pre-populated", "data:", "What", "if", "I", "have", "passed", "on", "less", "income", "than", "stand", "in", "the", "UWV", "data?"], "key": "Pre-populated data: What if I have passed on less income than stand in the UWV data?\n [ 217 ] ", "size": 5}], "key": "stand uwv [304,2]", "name": ["stand", "uwv"]}, {"size": 7, "colorCode": "Insight Actions", "children": [{"colorCode": "App Actions", "name": ["Filling:", "Should", "I", "pass", "my", "year-end", "bonus", "or", "13th", "month", "on", "the", "Income", "Problem?"], "key": "Filling: Should I pass my year-end bonus or 13th month on the Income Problem?\n [ 61 ] ", "size": 5}], "key": "filling month income problem [61,1]", "name": ["filling", "month", "income", "problem"]}, {"size": 7, "colorCode": "Insight Actions", "children": [{"colorCode": "App Actions", "name": ["Pre-populated", "data:", "What", "if", "I", "have", "passed", "more", "revenue", "than", "stand", "in", "the", "UWV", "data?"], "key": "Pre-populated data: What if I have passed more revenue than stand in the UWV data?\n [ 87 ] ", "size": 5}, {"colorCode": "App Actions", "name": ["Pre-populated", "data:", "What", "if", "I", "have", "passed", "on", "less", "income", "than", "stand", "in", "the", "UWV", "data?"], "key": "Pre-populated data: What if I have passed on less income than stand in the UWV data?\n [ 217 ] ", "size": 5}], "key": "prepopulated data passed [304,2]", "name": ["prepopulated", "data", "passed"]}, {"size": 7, "colorCode": "Insight Actions", "children": [{"colorCode": "App Actions", "name": ["Filling:", "I", "received", "income", "before", "my", "1st", "WW", "day,", "I", "have", "to", "give", "up", "this", "income?"], "key": "Filling: I received income before my 1st WW day, I have to give up this income?\n [ 1422 ] ", "size": 5}, {"colorCode": "App Actions", "name": ["Filling:", "Should", "I", "give", "compensation", "in", "the", "form", "Income", "Problem?"], "key": "Filling: Should I give compensation in the form Income Problem?\n [ 359 ] ", "size": 5}], "key": "filling give [1781,2]", "name": ["filling", "give"]}, {"size": 7, "colorCode": "Insight Actions", "children": [{"colorCode": "App Actions", "name": ["Filling:", "What", "should", "I", "mention", "on", "the", "form", "Earnings", "Quotation", "if", "I", "have", "no", "income?"], "key": "Filling: What should I mention on the form Earnings Quotation if I have no income?\n [ 586 ] ", "size": 5}], "key": "filling income quotation [586,1]", "name": ["filling", "income", "quotation"]}, {"size": 7, "colorCode": "Insight Actions", "children": [{"colorCode": "App Actions", "name": ["specific", "question"], "key": "specific question\n [ 15 ] ", "size": 5}], "key": "specific question [15,1]", "name": ["specific", "question"]}, {"size": 7, "colorCode": "Insight Actions", "children": [{"colorCode": "App Actions", "name": ["Filling:", "I", "expect", "this", "month", "have", "no", "income.", "I", "can", "indicate", "that", "even", "before", "the", "end", "of", "the", "month?"], "key": "Filling: I expect this month have no income. I can indicate that even before the end of the month?\n [ 34 ] ", "size": 5}], "key": "filling month income [34,1]", "name": ["filling", "month", "income"]}, {"size": 7, "colorCode": "Insight Actions", "children": [{"colorCode": "App Actions", "name": ["Malfunction:", "I", "can", "my", "Income", "Quotation", "not", "pass", "for", "January.", "Is", "this", "correct?"], "key": "Malfunction: I can my Income Quotation not pass for January. Is this correct?\n [ 58 ] ", "size": 5}], "key": "malfunction income quotation pass january correct [58,1]", "name": ["malfunction", "income", "quotation", "pass", "january", "correct"]}, {"size": 7, "colorCode": "Insight Actions", "children": [{"colorCode": "App Actions", "name": ["Problem:", "I", "see", "earnings", "in", "the", "Revenue", "Estimate", "and", "can", "not", "put", "it", "to", "0."], "key": "Problem: I see earnings in the Revenue Estimate and can not put it to 0.\n [ 2 ] ", "size": 5}, {"colorCode": "App Actions", "name": ["Prefilled", "data", "I", "see", "earnings", "already", "filled", "my", "Income", "Quotation", "I", "did", "not", "expect."], "key": "Prefilled data I see earnings already filled my Income Quotation I did not expect.\n [ 450 ] ", "size": 5}], "key": "see earnings [452,2]", "name": ["see", "earnings"]}, {"size": 7, "colorCode": "Insight Actions", "children": [{"colorCode": "App Actions", "name": ["Problem:", "I", "am", "having", "problems", "sending", "the", "form", "Income", "Statement."], "key": "Problem: I am having problems sending the form Income Statement.\n [ 487 ] ", "size": 5}], "key": "problem problems sending form income statement [487,1]", "name": ["problem", "problems", "sending", "form", "income", "statement"]}, {"size": 7, "colorCode": "Insight Actions", "children": [{"colorCode": "App Actions", "name": ["Income", "form", "declaration", "(WWZ", "1", "7", "2015)"], "key": "Income form declaration (WWZ 1 7 2015)\n [ 1 ] ", "size": 5}], "key": "form income [1,1]", "name": ["form", "income"]}, {"size": 7, "colorCode": "Insight Actions", "children": [{"colorCode": "App Actions", "name": ["I", "earn", "too", "much", "this", "month", "and", "therefore", "get", "no", "unemployment.", "What", "does", "that", "mean", "for", "me?"], "key": "I earn too much this month and therefore get no unemployment. What does that mean for me?\n [ 10 ] ", "size": 5}], "key": "earn much month therefore get unemployment mean [10,1]", "name": ["earn", "much", "month", "therefore", "get", "unemployment", "mean"]}, {"size": 7, "colorCode": "Insight Actions", "children": [{"colorCode": "App Actions", "name": ["Filling:", "What", "should", "I", "do", "if", "the", "employment", "which", "I", "became", "unemployed", "is", "not", "in", "the", "form", "Income", "Problem?"], "key": "Filling: What should I do if the employment which I became unemployed is not in the form Income Problem?\n [ 348 ] ", "size": 5}, {"colorCode": "App Actions", "name": ["Filling:", "Should", "I", "pass", "my", "year-end", "bonus", "or", "13th", "month", "on", "the", "Income", "Problem?"], "key": "Filling: Should I pass my year-end bonus or 13th month on the Income Problem?\n [ 61 ] ", "size": 5}, {"colorCode": "App Actions", "name": ["Filling:", "What", "should", "I", "do", "if", "I", "made", "a", "mistake", "when", "filling", "out", "the", "Income", "Problem?"], "key": "Filling: What should I do if I made a mistake when filling out the Income Problem?\n [ 1534 ] ", "size": 5}], "key": "filling income problem [1943,3]", "name": ["filling", "income", "problem"]}], "key": "Income form declaration (WWZ 1 7 2015) [25432,45]", "name": ["Income", "form", "declaration", "(WWZ", "1", "7", "2015)"]}, {"size": 25, "colorCode": "Exploration Actions", "children": [{"size": 7, "colorCode": "Insight Actions", "children": [{"colorCode": "App Actions", "name": ["Job", "Duty:", "Should", "I", "apply", "if", "I", "go", "back", "to", "work?"], "key": "Job Duty: Should I apply if I go back to work?\n [ 524 ] ", "size": 5}], "key": "job duty apply go back work [524,1]", "name": ["job", "duty", "apply", "go", "back", "work"]}, {"size": 7, "colorCode": "Insight Actions", "children": [{"colorCode": "App Actions", "name": ["Job", "Duty:", "Do", "I", "have", "job", "duty", "during", "the", "training?"], "key": "Job Duty: Do I have job duty during the training?\n [ 5 ] ", "size": 5}, {"colorCode": "App Actions", "name": ["Job", "Duty:", "How", "can", "I", "make", "my", "job", "activities", "that", "I", "have", "passed", "on", "again?"], "key": "Job Duty: How can I make my job activities that I have passed on again?\n [ 71 ] ", "size": 5}, {"colorCode": "App Actions", "name": ["Job", "Duty:", "How", "do", "I", "give", "my", "applications?"], "key": "Job Duty: How do I give my applications?\n [ 785 ] ", "size": 5}], "key": "job duty [861,3]", "name": ["job", "duty"]}, {"size": 7, "colorCode": "Insight Actions", "children": [{"colorCode": "App Actions", "name": ["Online", "assessment:", "I", "see", "an", "appointment", "in", "my", "workbook", "an", "online", "evaluation,", "what", "should", "I", "do?"], "key": "Online assessment: I see an appointment in my workbook an online evaluation, what should I do?\n [ 4 ] ", "size": 5}], "key": "online assessment [4,1]", "name": ["online", "assessment"]}, {"size": 7, "colorCode": "Insight Actions", "children": [{"colorCode": "App Actions", "name": ["Exemption:", "I", "am", "exempt", "from", "the", "obligation", "to", "seek,", "what", "happened", "to", "them", "when", "I", "do", "go", "back", "to", "work?"], "key": "Exemption: I am exempt from the obligation to seek, what happened to them when I do go back to work?\n [ 1 ] ", "size": 5}], "key": "go back work [1,1]", "name": ["go", "back", "work"]}, {"size": 7, "colorCode": "Insight Actions", "children": [{"colorCode": "App Actions", "name": ["Job", "Duty:", "Why", "do", "I", "receive", "in", "my", "Workbook", "task", "'yet", "Submit", "application", "activity", "to", "us?", "(Pilot)"], "key": "Job Duty: Why do I receive in my Workbook task 'yet Submit application activity to us? (Pilot)\n [ 6 ] ", "size": 5}], "key": "job duty application [6,1]", "name": ["job", "duty", "application"]}, {"size": 7, "colorCode": "Insight Actions", "children": [{"colorCode": "App Actions", "name": ["Job", "Duty:", "Why", "do", "I", "receive", "in", "my", "Workbook", "task", "'yet", "Submit", "application", "activity", "to", "us?", "(Pilot)"], "key": "Job Duty: Why do I receive in my Workbook task 'yet Submit application activity to us? (Pilot)\n [ 6 ] ", "size": 5}], "key": "job activity [6,1]", "name": ["job", "activity"]}, {"size": 7, "colorCode": "Insight Actions", "children": [{"colorCode": "App Actions", "name": ["Job", "Duty:", "I", "completely", "to", "work.", "Should", "I", "continue", "to", "apply?"], "key": "Job Duty: I completely to work. Should I continue to apply?\n [ 188 ] ", "size": 5}], "key": "job duty completely work continue apply [188,1]", "name": ["job", "duty", "completely", "work", "continue", "apply"]}, {"size": 7, "colorCode": "Insight Actions", "children": [{"colorCode": "App Actions", "name": ["Application:", "I", "want", "to", "give", "my", "applications", "using", "the", "task", "\"by", "giving", "your", "application", "activities,", "but", "my", "DigiD", "is", "not", "working.", "What", "now?"], "key": "Application: I want to give my applications using the task \"by giving your application activities, but my DigiD is not working. What now?\n [ 8 ] ", "size": 5}], "key": "application activities task [8,1]", "name": ["application", "activities", "task"]}, {"size": 7, "colorCode": "Insight Actions", "children": [{"colorCode": "App Actions", "name": ["General:", "How", "long", "should", "I", "keep", "my", "applications", "for", "unemployment", "benefits?"], "key": "General: How long should I keep my applications for unemployment benefits?\n [ 4 ] ", "size": 5}], "key": "general long keep applications unemployment benefits [4,1]", "name": ["general", "long", "keep", "applications", "unemployment", "benefits"]}, {"size": 7, "colorCode": "Insight Actions", "children": [{"colorCode": "App Actions", "name": ["Online", "assessment:", "I", "have", "read", "the", "online", "assessment,", "I", "must", "now", "do", "something", "else?"], "key": "Online assessment: I have read the online assessment, I must now do something else?\n [ 1 ] ", "size": 5}], "key": "online assessment read online assessment must something else [1,1]", "name": ["online", "assessment", "read", "online", "assessment", "must", "something", "else"]}, {"size": 7, "colorCode": "Insight Actions", "children": [{"colorCode": "App Actions", "name": ["General:", "What", "is", "a", "job", "activity?"], "key": "General: What is a job activity?\n [ 147 ] ", "size": 5}], "key": "general job activity [147,1]", "name": ["general", "job", "activity"]}, {"size": 7, "colorCode": "Insight Actions", "children": [{"colorCode": "App Actions", "name": ["Exemption:", "I", "get", "an", "exemption", "from", "the", "obligation", "to", "seek", "work", "if", "I'm", "going", "to", "work", "for", "less", "than", "three", "months?"], "key": "Exemption: I get an exemption from the obligation to seek work if I'm going to work for less than three months?\n [ 7 ] ", "size": 5}, {"colorCode": "App Actions", "name": ["Exemption:", "I", "have", "an", "exemption", "from", "the", "obligation", "to", "seek", "work,", "because", "I'm", "going", "to", "work.", "What", "happens", "expires", "when", "this", "exemption?"], "key": "Exemption: I have an exemption from the obligation to seek work, because I'm going to work. What happens expires when this exemption?\n [ 18 ] ", "size": 5}], "key": "exemption obligation seek work im going [25,2]", "name": ["exemption", "obligation", "seek", "work", "im", "going"]}, {"size": 7, "colorCode": "Insight Actions", "children": [{"colorCode": "App Actions", "name": ["Job", "Duty:", "What", "should", "I", "do", "if", "I'm", "late", "with", "the", "passing", "of", "my", "job", "activities?", "(Task", "has", "expired)"], "key": "Job Duty: What should I do if I'm late with the passing of my job activities? (Task has expired)\n [ 110 ] ", "size": 5}, {"colorCode": "App Actions", "name": ["Job", "Duty:", "What", "should", "I", "do", "if", "I'm", "late", "with", "the", "passing", "of", "my", "job", "activities?", "(Task", "completed:", "by", "giving", "sufficient", "applications)"], "key": "Job Duty: What should I do if I'm late with the passing of my job activities? (Task completed: by giving sufficient applications)\n [ 3 ] ", "size": 5}], "key": "job duty im late passing [113,2]", "name": ["job", "duty", "im", "late", "passing"]}, {"size": 7, "colorCode": "Insight Actions", "children": [{"colorCode": "App Actions", "name": ["Exemption:", "I", "am", "sick", "and", "can", "not", "meet", "my", "application", "requirement"], "key": "Exemption: I am sick and can not meet my application requirement\n [ 93 ] ", "size": 5}], "key": "exemption sick meet application requirement [93,1]", "name": ["exemption", "sick", "meet", "application", "requirement"]}, {"size": 7, "colorCode": "Insight Actions", "children": [{"colorCode": "App Actions", "name": ["General:", "Do", "I", "have", "to", "attend", "a", "webinar?"], "key": "General: Do I have to attend a webinar?\n [ 1 ] ", "size": 5}], "key": "general attend webinar [1,1]", "name": ["general", "attend", "webinar"]}, {"size": 7, "colorCode": "Insight Actions", "children": [{"colorCode": "App Actions", "name": ["Application:", "I", "want", "to", "give", "my", "applications", "using", "the", "task", "\"by", "giving", "your", "application", "activities,", "but", "my", "DigiD", "is", "not", "working.", "What", "now?"], "key": "Application: I want to give my applications using the task \"by giving your application activities, but my DigiD is not working. What now?\n [ 8 ] ", "size": 5}], "key": "give applications task [8,1]", "name": ["give", "applications", "task"]}, {"size": 7, "colorCode": "Insight Actions", "children": [{"colorCode": "App Actions", "name": ["Job", "Duty:", "How", "can", "I", "make", "my", "job", "activities", "that", "I", "have", "passed", "on", "again?"], "key": "Job Duty: How can I make my job activities that I have passed on again?\n [ 71 ] ", "size": 5}], "key": "job activities [71,1]", "name": ["job", "activities"]}, {"size": 7, "colorCode": "Insight Actions", "children": [{"colorCode": "App Actions", "name": ["Job", "Duty:", "What", "happens", "if", "I", "do", "not", "like", "to", "apply", "enough?"], "key": "Job Duty: What happens if I do not like to apply enough?\n [ 51 ] ", "size": 5}], "key": "job duty happens like apply enough [51,1]", "name": ["job", "duty", "happens", "like", "apply", "enough"]}, {"size": 7, "colorCode": "Insight Actions", "children": [{"colorCode": "App Actions", "name": ["Overall:", "I", "do", "not", "understand", "something", "that", "the", "consultant", "work", "told", "me", "recently", "about", "applying", "for", "other", "jobs", "than", "I'm", "looking", "for.", "Can", "I", "speak", "once", "the", "consultant", "work?"], "key": "Overall: I do not understand something that the consultant work told me recently about applying for other jobs than I'm looking for. Can I speak once the consultant work?\n [ 1 ] ", "size": 5}], "key": "overall understand something consultant work told recently applying jobs im looking speak consultant work [1,1]", "name": ["overall", "understand", "something", "consultant", "work", "told", "recently", "applying", "jobs", "im", "looking", "speak", "consultant", "work"]}, {"size": 7, "colorCode": "Insight Actions", "children": [{"colorCode": "App Actions", "name": ["Job", "Duty:", "What", "does", "the", "obligation", "to", "seek", "work", "in?"], "key": "Job Duty: What does the obligation to seek work in?\n [ 71 ] ", "size": 5}], "key": "obligation seek work [71,1]", "name": ["obligation", "seek", "work"]}, {"size": 7, "colorCode": "Insight Actions", "children": [{"colorCode": "App Actions", "name": ["Exemption:", "In", "what", "situations", "I", "need", "to", "apply?"], "key": "Exemption: In what situations I need to apply?\n [ 262 ] ", "size": 5}, {"colorCode": "App Actions", "name": ["Waiver:", "How", "do", "I", "apply", "an", "exemption", "from", "duty", "to", "my", "application?"], "key": "Waiver: How do I apply an exemption from duty to my application?\n [ 225 ] ", "size": 5}], "key": "apply exemption [487,2]", "name": ["apply", "exemption"]}, {"size": 7, "colorCode": "Insight Actions", "children": [{"colorCode": "App Actions", "name": ["Job", "Duty:", "Can", "I", "get", "help", "using", "the", "Workbook", "and", "werk.nl?"], "key": "Job Duty: Can I get help using the Workbook and werk.nl?\n [ 11 ] ", "size": 5}, {"colorCode": "App Actions", "name": ["Job", "Duty:", "How", "do", "I", "get", "my", "applications", "by", "the", "task", "\"Passing", "Your", "application", "activities\"", "not", "in", "my", "workbook?"], "key": "Job Duty: How do I get my applications by the task \"Passing Your application activities\" not in my workbook?\n [ 112 ] ", "size": 5}], "key": "job duty get [123,2]", "name": ["job", "duty", "get"]}, {"size": 7, "colorCode": "Insight Actions", "children": [{"colorCode": "App Actions", "name": ["Job", "Duty:", "I", "can", "not", "work", "with", "a", "computer.", "How", "do", "I", "transfer", "my", "application", "activities", "UWV?"], "key": "Job Duty: I can not work with a computer. How do I transfer my application activities UWV?\n [ 17 ] ", "size": 5}], "key": "job duty work computer transfer application activities uwv [17,1]", "name": ["job", "duty", "work", "computer", "transfer", "application", "activities", "uwv"]}, {"size": 7, "colorCode": "Insight Actions", "children": [{"colorCode": "App Actions", "name": ["Job", "Duty:", "How", "do", "I", "get", "my", "applications", "by", "the", "task", "\"Passing", "Your", "application", "activities\"", "not", "in", "my", "workbook?"], "key": "Job Duty: How do I get my applications by the task \"Passing Your application activities\" not in my workbook?\n [ 112 ] ", "size": 5}], "key": "applications task passing [112,1]", "name": ["applications", "task", "passing"]}, {"size": 7, "colorCode": "Insight Actions", "children": [{"colorCode": "App Actions", "name": ["Exemption:", "Get", "me", "if", "I", "an", "exemption", "from", "the", "obligation", "to", "seek", "not", "know", "for", "how", "long", "I", "can", "go", "to", "work?"], "key": "Exemption: Get me if I an exemption from the obligation to seek not know for how long I can go to work?\n [ 13 ] ", "size": 5}], "key": "obligation seek [13,1]", "name": ["obligation", "seek"]}, {"size": 7, "colorCode": "Insight Actions", "children": [{"colorCode": "App Actions", "name": ["specific", "question"], "key": "specific question\n [ 3 ] ", "size": 5}], "key": "specific question [3,1]", "name": ["specific", "question"]}, {"size": 7, "colorCode": "Insight Actions", "children": [{"colorCode": "App Actions", "name": ["Job", "Duty:", "Should", "I", "apply", "if", "I", "am", "sick?"], "key": "Job Duty: Should I apply if I am sick?\n [ 45 ] ", "size": 5}, {"colorCode": "App Actions", "name": ["Duty", "job:", "I", "work", "full", "time.", "Why", "do", "I", "still", "apply?"], "key": "Duty job: I work full time. Why do I still apply?\n [ 40 ] ", "size": 5}, {"colorCode": "App Actions", "name": ["Job", "Duty:", "Should", "I", "apply", "my", "benefit", "during", "WW?"], "key": "Job Duty: Should I apply my benefit during WW?\n [ 48 ] ", "size": 5}, {"colorCode": "App Actions", "name": ["Job", "Duty:", "Why", "should", "I", "apply?"], "key": "Job Duty: Why should I apply?\n [ 28 ] ", "size": 5}], "key": "job duty apply [161,4]", "name": ["job", "duty", "apply"]}, {"size": 7, "colorCode": "Insight Actions", "children": [{"colorCode": "App Actions", "name": ["Exemption:", "Can", "I", "get", "an", "exemption", "from", "my", "duties", "at", "a", "serious", "event", "in", "my", "private", "life?"], "key": "Exemption: Can I get an exemption from my duties at a serious event in my private life?\n [ 30 ] ", "size": 5}], "key": "exemption get exemption duties serious event private life [30,1]", "name": ["exemption", "get", "exemption", "duties", "serious", "event", "private", "life"]}, {"size": 7, "colorCode": "Insight Actions", "children": [{"colorCode": "App Actions", "name": ["Job", "Duty:", "How", "often", "should", "I", "apply?"], "key": "Job Duty: How often should I apply?\n [ 608 ] ", "size": 5}], "key": "job duty often apply [608,1]", "name": ["job", "duty", "often", "apply"]}, {"size": 7, "colorCode": "Insight Actions", "children": [{"colorCode": "App Actions", "name": ["Job", "Duty:", "Should", "I", "apply", "in", "a", "bankruptcy", "benefit?"], "key": "Job Duty: Should I apply in a bankruptcy benefit?\n [ 2 ] ", "size": 5}], "key": "job duty apply bankruptcy benefit [2,1]", "name": ["job", "duty", "apply", "bankruptcy", "benefit"]}, {"size": 7, "colorCode": "Insight Actions", "children": [{"colorCode": "App Actions", "name": ["General:", "What", "is", "a", "webinar?"], "key": "General: What is a webinar?\n [ 1 ] ", "size": 5}], "key": "general webinar [1,1]", "name": ["general", "webinar"]}], "key": "Application (WWZ 1 7 2015) [3772,37]", "name": ["Application", "(WWZ", "1", "7", "2015)"]}], "name": "/Users/admin/Desktop/mvp4/data/icsoc_log_1_2_ts_fixed", "size": 250}