Predicted,Ground truth
[apply unemployment benefit ],[apply unemployment benefit ]
[application rejected unemployment benefit ],[application rejected unemployment benefit ]
[get employers form ],[get employers form ]
[valid form identification ],[valid form identification ]
[unemployment benefit ],[unemployment benefit ]
[specific question ],[specific question ]
[uwv decides unemployment claim ],[uwv decides unemployment claim ]
[unemployment claim],[unemployment claim]
[uwv sent application ww ],[uwv sent application ww ]
[withdraw application ww ],[withdraw application ww ]
[unemployment benefits ],[unemployment benefit ]
[apply unemployment benefits ],[apply unemployment benefit ]
[withdraw application ww ],[withdraw application ww ]
[identification affect benefits ],[identification affect benefits ]
[get unemployment benefits parental leave ],[get unemployment benefits parental leave ]