Predicted,Ground truth
[passport identity card take drivers license ],[passport identity card take drivers license ]
[paid travel expenses ],[paid travel expenses ]
[im called back following appointment ],[im called back following appointment ]
[expenses reimbursed appointments uwv ],[expenses reimbursed appointments uwv ]
[receive benefit uwv one made want appointment consultant work cel valid reason ],[want cancel appointment ]
[want cel appointment workshop],[want cancel appointment ]
[want cel appointment uwv ],[want cancel appointment ]
[invited evaluation conversation means ],[invited evaluation conversation means ]
[got call saying need bring applications call include anywhere else ],[got call saying need bring applications call include anywhere else ]
[consultant work ],[consultant work ]
[want appointment consultant work ],[want appointment consultant work ]
[asked contact member uwv ],[asked contact member uwv ]
[consultant work ],[consultant work ]
[need get appointment advisor work bring special papers ],[need get appointment advisor work bring special papers ]
[one call months still possible rather get call ],[one call months still possible rather get call ]
[want unsubscribe speed date ],[want unsubscribe speed date ]
[im late appointment ],[im late appointment ]
[always like apply phone letters bring ],[always like apply phone letters bring ]
[appointment uwv evidence complete appointment ],[appointment uwv evidence complete appointment ]
[im appeared appointment ],[im appeared appointment ]
[specific question ],[specific question ]
[want cel appointmentmove consultant job ],[want cancel appointment ]
[want appointment ],[want move appointment ]
[got letter interview counselor job calling ],[got letter interview counselor job calling ]
[receive benefit uwv one made want appointment consultant work cel valid reason ],[want cancel appointment ]
[timewhenwith appointment ],[timewhenwith appointment ]
[get unemployment benefits interview first time ],[get unemployment benefits interview first time ]