Predicted,Ground truth
[stick stamp return envelope ],[stick stamp return envelope ]
[uwv answer number anymore ],[uwv answer number anymore ]
[receive forms ],[receive forms ]
[receive forms documents ],[receive forms documents ]
[documents send via uwv ],[documents send via uwv ]
[received letter request contact connection handling ww request ],[received letter request contact connection handling ww request ]
[notification entail ],[notification entail ]
[specific question ],[specific question ]
[data requested uwv must received within one week period feasible take account ],[data requested uwv must received within one week period feasible take account ]
[received letter request contact ],[received letter request contact ]
[send copy decision ],[send copy decision ]
[ask copy dismissalresignation permission already ],[ask copy dismissalresignation permission already ]
[need send application ww ],[need send application ww ]
[send documents via uwv ],[send documents via uwv ]
[documents send ],[documents send ]
[receive mail meant ],[receive mail meant ]
[get copy digital completed editing revenue form ww ],[get copy digital completed editing revenue form ww ]
[received documents ],[received documents ]
[send documents via uwv ],[send documents via uwv ]
[must received documents],[received documents]
[received notice give information ],[received notice give information ]
[received documents sent form ],[received documents sent form ]
[questions received order ],[questions received order ]
[must received request submit documents],[must received request submit documents]