Predicted,Ground truth
[daily wage ],[daily wage ]
[pay income tax contributions unemployment benefits ],[pay income tax contributions unemployment benefits ]
[guaranteed wage ],[guaranteed wage ]
[amount unemployment benefits ],[amount unemployment benefits ]
[specific question ],[specific question ]
[sv wages ],[sv wages ]
[lower wage ],[lower wage ]
[guarantee ],[guarantee ]
[benefits get ],[benefits get ]
[difference gross net unemployment benefit big ],[difference gross net unemployment benefit big ]
[amount unemployment benefits ],[amount unemployment benefits ]
[changes rules determining amount payment ],[changes rules determining amount payment ]
[count holidays taken account height daily wage ],[count holidays taken account height daily wage ]
[already unemployment become unemployed unemployment ],[already unemployment become unemployed unemployment ]