Predicted,Ground truth
[prepopulated data passed ],[prepopulated data passed ]
[earn much month therefore get unemployment mean ],[earn much month therefore get unemployment mean ]
[general form income problem ],[general form income problem ]
[filling one employer month income ],[filling one employer month income ]
[filling find payslip sv wages fill ],[filling find payslip sv wages fill ]
[problem pay sv fill amount holiday pay get error ],[problem pay sv fill amount holiday pay get error ]
[filling income ],[filling income ]
[filling month income ],[filling month income ]
[filling income problem ],[filling income problem ]
[prepopulated data uwv shows different amount income passed form income quoted last month ],[prepopulated data uwv shows different amount]
[prepopulated data ],[prepopulated data name of employer missing ]
[form income ],[form income ]
[income statement ],[income statement ]
[filling enter whole hours income statement right ],[filling enter whole hours income statement right ]
[filling income uwv ],[filling income uwv ]
[malfunction log uwv right ],[malfunction log uwv right ]
[report income ],[report income ]
[general send form revenue problem ],[general send form revenue problem ]
[general form income quoted ],[general form income quoted ]
[report income uwv ],[report income uwv ]
[filling yet received paycheck income ],[filling yet received paycheck income ]
[filling find ],[filling find ]
[general form income problem ],[general form income problem ]
[pass income problem],[pass income problem]
[general form income quoted ],[general form income quoted ]
[general download form income quoted ],[general download form income quoted ]
[problem problems sending form income statement ],[problem problems sending form income statement ]
[prefilled data amounts income problem come ],[prefilled data amounts income problem come ]
[general send form revenue problem ],[general send form revenue problem ]
[filling income quotation ],[filling income quotation ]
[filling get paid weekly amounts fill ],[filling get paid weekly amounts fill ]
[malfunction income quotation pass january correct ],[malfunction income quotation pass january correct ]
[become partially unemployed give earnings ],[become partially unemployed give earnings ]
[already filled ],[already filled ]
[see earnings ],[see earnings ]
[specific question ],[specific question ]
"[already filled , see earnings ]","[already filled , see earnings ]"
[income problem ],[income problem ]
[filling give ],[filling give compensation ]
[general send form income quoted ],[general send form income quoted ]
[income statement ],[income statement ]
[prepopulated data uwv shows different amount ],[prepopulated data uwv shows different amount ]
[filling give ],[filling give ]
[filling income problem ],[filling income problem ]
[income received ],[income received ]
[prepopulated data passed ],[prepopulated data passed ]
[general form revenue problem],[general form revenue problem]
[stand uwv],[stand uwv]
[last month],[last month]