Predicted,Ground truth
[ early retirement fpu early retirement happens unemployment benefits ],[ early retirement fpu early retirement happens unemployment benefits ]
[work many hours week unemployed less hoursless half remain cut ],[work many hours week unemployed less hoursless half remain cut ]
[go work ],[go work]
[unemployment benefits ],[unemployment benefits ]
[specific question ],[specific question ]
[receive unemployment benefits addition ],[receive unemployment benefits addition ]
[become partially unemployed give earnings ],[become partially unemployed give earnings ]
[happens go part work ],[happens go part work ]
[report income uwv ],[report income uwv ]
[passed uwv ],[passed uwv ]
[uwv work ],[uwv work ]
[receive unemployment benefits addition ],[receive unemployment benefits addition ]
[deducted unemployment benefits ],[deducted unemployment benefits ]
[get unemployment benefit ],[get unemployment benefit ]
[old new unemployment law must first time pass hours one time income ],[old new unemployment law must first time pass hours one time income ]
[get unemployment earn much month mean ],[get unemployment earn much month mean ]