Predicted,Ground truth
[reporting sick ],[reporting sick ]
[want report ],[want report ]
[unemployment benefit detention ],[unemployment benefit detention ]
[want report change ],[want report change ]
[recovery report ],[recovery report ]
[happens unemployment benefits go abroad reason vacation ],[happens unemployment benefits go abroad reason vacation ]
[specific question ],[specific question ]
[change form ww ],[change form mistake ww ]
[change form submit change form ww ],[change form submit change form ww ]