Predicted,Ground truth
[general job activity ],[general job activity ]
[job duty apply ],[job duty apply ]
[job activity ],[job activity ]
[job duty application ],[job duty application ]
[apply exemption ],[apply exemption ]
[exemption get exemption duties serious event private life ],[exemption get exemption duties serious event private life ]
[online assessment read online assessment must something else ],[online assessment read online assessment must something else ]
[job duty apply bankruptcy benefit ],[job duty apply bankruptcy benefit ]
[general webinar ],[general webinar ]
[go back work ],[go back work ]
[exemption obligation seek work im going ],[exemption obligation seek work im going ]
[job duty happens like apply enough ],[job duty happens like apply enough ]
[obligation seek work ],[obligation seek work ]
[job duty get ],[job duty get ]
[applications task passing ],[applications task passing ]
[job duty completely work continue apply ],[job duty completely work continue apply ]
[overall understand something consultant work told recently applying jobs im looking speak consultant work ],[overall understand something consultant work told recently applying jobs im looking speak consultant work ]
[job duty work computer transfer application activities uwv ],[job duty work computer transfer application activities uwv ]
[exemption sick meet application requirement ],[exemption sick meet application requirement ]
[online assessment ],[online assessment ]
[job duty ],[job duty ]
[obligation seek ],[obligation seek ]
[general long keep applications unemployment benefits ],[general long keep applications unemployment benefits ]
[job duty often apply ],[job duty often apply ]
[job duty apply ],[job duty apply ]
[job activities ],[job activities ]
[specific question ],[specific question ]
[application activities task],[application activities task]
[give applications task ],[give applications task ]
[job duty im late passing ],[job duty im late passing ]
[job duty get ],[job duty get help]
[job duty apply go back work ],[job duty apply go back work ]
[apply exemption ],[apply exemption ]
[general attend webinar ],[general attend webinar ]