Predicted,GT
"[apply unemployment benefits directly resignation holiday ]","[apply unemployment benefits directly resignation holiday ]"
"[help regarding ]","[help regarding ]"
[let know could ],"[let know could ]"
,
"[unemployment benefits ]","[unemployment benefits ]"
[parental leave],[parental leave]
"[receive unemployment benefits retroactively ]","[receive unemployment benefits retroactively ]"
"[apply unemployment benefit ]","[apply unemployment benefit ]"
"[kindly describe might ]","[kindly describe might ]"
"[show  one apply unemployment benefit ]","[apply unemployment benefit ]"
"[one apply unemployment benefit  ]","[apply unemployment benefit ]"
"[tell apply unemployment benefit]","[tell apply unemployment benefit]"
"[examples kindly ]","[examples kindly ]"
"[tell apply unemployment benefit ]","[apply unemployment benefit ]"
"[would apply unemployment benefit ]","[apply unemployment benefit ]"
[tell],[tell]
"[apply unemployment benefits previously got ww ]","[apply unemployment benefits previously got ww ]"
"[could apply unemployment benefits previously got ww ]","[apply unemployment benefits previously got ww ]"
"[show shall ]","[show shall ]"
"[kindly show ]","[kindly show ]"
,
"[would apply unemployment benefit ]","[would apply unemployment benefit ]"
"[one apply unemployment benefits previously got ww  ]","[one apply unemployment benefits previously got ww  ]"
,
"[get employers form ]","[get employers form ]"
,
"[reapply unemployment benefit ]","[reapply unemployment benefit ]"
"[show shall ]","[show shall ]"
"[kindly describe might ]","[kindly describe might]"
"[examples kindly describe]","[examples kindly describe ]"
"[reapply unemployment benefit ]","[reapply unemployment benefit ]"
"[withdraw application ww ]","[withdraw application ww ]"
"[shall withdraw application ww ]","[shall withdraw application ww ]"
,
"[identification affect benefits ]","[identification affect benefits ]"
,
"[unemployment claim]","[unemployment claim ]"
"[unemployment benefit ]","[unemployment benefit ]"
"[withdraw application ww ]","[withdraw application ww ]"
,
"[uwv decides unemployment claim ]","[uwv decides unemployment claim ]"
,
,
,
"[apply unemployment benefits ]","[apply DigiD unemployment benefits ]"
,
"[application ww ]","[application ww ]"
"[uv sent application ww ]","[sent application ww ]"
"[sent application ww ]","[sent application ww ]"
"[describe uv sent application ww ]","[sent application ww ]"
"[describe uv sent application ww ]","[sent application ww ]"
,
"[unemployment benefits ]","[unemployment benefits ]"
,
"[valid form identification ]","[valid form identification ]"
,
"[specific question ]","[specific question ]"