Predicted,GT
"[get copy digital completed editing revenue form ww ]","[get copy digital completed editing revenue form ww ]"
,
"[receive certain forms ]","[receive certain forms ]"
"[help regarding ]","[help regarding ]"
,
"[send copy decision ]","[send copy decision ]"
"[ would send copy decision ]","[ would send copy decision ]"
,
"[receive forms documents ]","[receive forms documents ]"
,
[received documents sent form ],[received documents sent form ]
,
"[questions received order ]","[questions received order ]"
,
"[receive mail meant ]","[receive mail meant ]"
,
"[received letter request contact ]","[received letter request contact ]"
,
"[received letter request contact connection handling ww request ]","[received letter request contact connection handling ww request ]"
,
"[received notice give information ]","[received notice give information ]"
,
"[received documents ]","[received documents ]"
,
"[must received documents ]","[received documents ]"
[must received request submit documents],[must received request submit documents]
"[stick stamp return envelope ]","[stick stamp return envelope ]"
"[help regarding ]","[help regarding ]"
,
"[data requested uwv must received within one week period feasible take account ]","[data requested uwv must received within one week period feasible take account ]"
,
"[documents send ]","[documents send ]"
,
"[uwv answer number anymore ]","[uwv answer number anymore ]"
,
"[need send application ww ]","[need send application ww ]"
,
"[documents send via uwv ]","[documents send via uwv ]"
"[let know documents send via uwv ]","[let know documents send via uwv ]"
"[would like know documents send via uwv ]","[would like know documents send via uwv ]"
"[get know documents send via uwv ]","[get know documents send via uwv ]"
"[possible know documents send via uwv ]","[possible know documents send via uwv ]"
,
"[notification entail ]","[notification entail ]"
"[way know notification entail ]","[notification entail ]"
"[would like know notification entail ]","[notification entail ]"
,
"[send documents via uwv ]","[send documents via uwv ]"
"[get know send documents via uwv ]","[get know send documents via uwv ]"
"[would like know send documents via uwv ]","[would like know send documents via uwv ]"
"[documents via uwv ]","[documents via uwv ]"
"[possible know send documents via uwv ]","[possible know send documents via uwv ]"
,
"[let know able send documents via uwv]","[let know able send documents via uwv]"
,
"[ask copy dismissalresignation permission already ]","[ask copy dismissalresignation permission already ]"
,
"[specific question ]","[specific question ]"