Predicted,GT
"[daily wage ]","[daily wage ]"
"[let know ]","[let know ]"
"[pay income tax contributions unemployment benefits ]","[pay income tax contributions unemployment benefits ]"
"[would pay income tax contributions unemployment benefits ]","[pay income tax contributions unemployment benefits ]"
"[amount unemployment benefits ]","[amount unemployment benefits ]"
,
"[daily wage determined ww went work lower wages ]","[daily wage determined ww went work lower wages ]"
"[know daily wage determined ww went work lower wages ]","[know daily wage determined ww went work lower wages ]"
,
"[level daily wage ]","[level daily wage ]"
"[know level daily wage ]","[level daily wage ]"
"[explain level daily wage ]","[level daily wage ]"
,
"[net unemployment benefits ]","[net unemployment benefits ]"
"[know net amount unemployment benefits ]","[know net amount unemployment benefits ]"
"[net amount unemployment benefits ]","[net amount unemployment benefits ]"
"[already unemployment become unemployed unemployment ]","[already unemployment become unemployed unemployment ]"
,
"[unemployment benefits ]","[unemployment benefits ]"
,
"[benefits get ]","[benefits get ]"
,
"[changes rules determining amount payment ]","[changes rules determining amount payment ]"
"[tell changes rules determining amount payment ]","[changes rules determining amount payment ]"
"[please tell changes rules determining amount payment ]","[changes rules determining amount payment ]"
"[get know changes rules determining amount payment ]","[get know changes rules determining amount payment ]"
"[would like know changes rules determining amount payment ]","[would like know changes rules determining amount payment ]"
"[know changes rules determining amount payment ]","[changes rules determining amount payment ]"
,
"[sv wages ]","[sv wages ]"
"[get know wages ]","[get know wages ]"
"[know wages ]","[know wages ]"
"[describe wages ]","[describe wages ]"
"[would like know wages ]","[would like know wages ]"
"[know guarantee ]","[know guarantee ]"
"[guaranteed wage ]","[guaranteed wage ]"
"[describe guaranteed wage ]","[guaranteed wage ]"
,
"[guarantee ]","[guarantee ]"
"[know guarantee ]","[guarantee ]"
"[tell guarantee ]","[guarantee ]"
"[possible know guarantee ]","[possible know guarantee ]"
"[difference gross net unemployment benefit big ]","[difference gross net unemployment benefit big ]"
"[show one difference gross net unemployment benefit big ]","[difference gross net unemployment benefit big ]"
"[illustrate  difference gross net unemployment benefit big ]","[difference gross net unemployment benefit big ]"
,
"[specific question ]","[specific question ]"