Predicted,GT
"[filling enter whole hours income statement right ]","[filling enter whole hours income statement right ]"
,
"[filling find ]","[filling find paycheck paid holiday ]"
,
"[filling find payslip sv wages fill ]","[filling find payslip sv wages fill ]"
,
"[filling month income]","[filling month income]"
"[filling income ]","[filling income ]"
"[filling get paid weekly amounts fill ]","[filling get paid weekly amounts fill ]"
,
"[filling one employer month income ]","[filling one employer month income ]"
,
"[filling yet received paycheck income ]","[filling yet received paycheck income ]"
,
"[filling month income  ]","[filling month income ]"
"[income received ]","[income received ]"
"[filling give ]","[filling give up]"
[let know],[let know]
"[filling uwv benefits pass income ]",[uwv benefits pass income ]
[would uwv benefits pass income ],[uwv benefits pass income ]
[help regarding uwv benefits pass income ],[uwv benefits pass income ]
[ uwv benefits pass income ],[uwv benefits pass income ]
"[give compensation form income problem ]","[give compensation form income problem ]"
,
"[pass income problem ]",[pass income problem]
"[ filling month income problem ]","[ filling month income problem ]"
"[filling income problem ]","[filling income problem ]"
,
"[filling income problem ]","[filling unemployed form income problem ]"
,
"[filling income quotation ]","[filling income quotation ]"
,
"[fill form income quoted internet ]","[fill form income quoted internet ]"
"[report income paid weeks ]","[report income paid weeks ]"
,
"[general form income quoted ]","[general form income quoted ]"
"[happens send form let revenue problem ]","[happens send form let revenue problem ]"
,
"[general send form income quoted ]","[general send form income quoted ]"
,
"[general send form revenue problem ]","[general send form revenue problem ]"
"[general form income problem ]","[general form income problem ]"
"[earn much month therefore get unemployment mean ]","[earn much month therefore get unemployment mean ]"
"[become partially unemployed give earnings ]","[become partially unemployed give earnings ]"
"[form income ]","[form income ]"
"[malfunction income quotation pass january correct ]","[malfunction income quotation pass january correct ]"
"[income statement ]","[income statement ]"
"[malfunction log uwv right ]","[malfunction log uwv right ]"
"[prepopulated data ]","[prepopulated data employer missing]"
"[prepopulated data uwv shows different amount ]","[prepopulated data uwv shows different amount ]"
[last month],[last month]
"[prepopulated data passed revenue stand uwv data ]","[prepopulated data passed revenue stand uwv data ]"
"[tell passed revenue stand uwv data ]","[tell passed revenue stand uwv data ]"
"[please tell passed revenue stand uwv data ]","[please tell passed revenue stand uwv data ]"
"[data uwv ]","[data uwv ]"
"[would like know passed revenue stand uwv data ]","[would like know passed revenue stand uwv data ]"
"[ get know passed revenue stand uwv data ]","[ get know passed revenue stand uwv data ]"
,
"[prepopulated data passed less income stand uwv data ]","[know passed less income stand uv data ]"
"[know passed less income stand uv data ]","[know passed less income stand uv data ]"
"[income passed]","[income passed]"
"[possible know passed less income stand uv data ]","[know passed less income stand uv data ]"
"[please let know passed less income stand uv data ]","[know passed less income stand uv data ]"
"[would like know passed less income stand uv data ]","[know passed less income stand uv data ]"
"[know passed]","[know passed]"
"[income uv ]","[income uv ]"
"[possible know passed less income uv data]","[possible know passed less income uv data]"
[please let know passed less income uv data],[please let know passed less income uv data]
[would like know passed less income uv data ],[would like know passed less income uv data ]
,
"[prepopulated data uwv shows different amount income passed form income quoted last month ]","[prepopulated data uwv shows different amount income passed form income quoted last month ]"
,
"[already filled ]","[already filled]"
,
"[already filled]","[already filled]"
"[see earnings ]","[see earnings ]"
"[prefilled data amounts income problem come ]","[prefilled data amounts income problem come ]"
,
"[problem problems sending form income statement ]","[problem problems sending form income statement ]"
"[income received ]","[income received ]"
"[iincome statement ]","[income statement]"
"[income problem ]","[income problem ]"
[problem pay sv fill amount holiday pay get error ],[problem pay sv fill amount holiday pay get error ]
,
"[see earnings ]","[see earnings ]"
,
"[income problem ]","[income problem ]"
,
"[report income uwv ]","[report income uwv ]"
"[describe report income uv]","[report income uv ]"
"[tell  report income uv ]","[report income uv ]"
"[show might report income uv ]","[report income uv ]"
"[please tell report income uv ]","[report income uv ]"
"[report income ]","[report income ]"
"[examples kindly ]","[examples kindly ]"
"[specific question ]","[specific question ]"
[one report income uv],[one report income uv]