Predicted,GT
"[get unemployment earn much month mean ]","[get unemployment earn much month mean ]"
"[deducted unemployment benefits ]","[deducted unemployment benefits ]"
,
"[old new unemployment law must first time pass hours one time income ]","[old new unemployment law must first time pass hours one time income ]"
,
"[become partially unemployed give earnings ]","[become partially unemployed give earnings ]"
,
"[early retirement fpu early retirement happens unemployment benefits ]","[early retirement fpu early retirement happens unemployment benefits ]"
,
"[receive unemployment benefits addition ]","[receive unemployment benefits addition ]"
,
"[get unemployment benefit ]","[get unemployment benefit ]"
,
"[work many hours week unemployed less hoursless half remain cut ]","[work many hours week unemployed less hoursless half remain cut ]"
,
,
"[uwv work ]","[uwv work ]"
"[know uv work ]","[uv work ]"
"[uv work ]","[uv work ]"
"[would like know uv ]","[would like know uv ]"
[please tell happens go work],[please tell happens go work]
"[happens go part work ]","[happens go part work ]"
"[would like know happens go part work ]","[happens go part work ]"
[would like know happens go work ],[would like know happens go work ]
"[possible know happens go part work ]","[happens go part work ]"
"[please tell happens go part work ]","[happens go part work ]"
"[happens go work]","[happens go work]"
"[get know ]","[get know ]"
"[passed uwv ]","[passed uwv ]"
"[please tell passed uv little income ]","[passed uv little income ]"
"[get know passed uv little income ]","[passed uv little income ]"
"[tell passed uv little income ]","[passed uv little income ]"
"[would like know passed uv little income ]","[passed uv little income ]"
"[possible know passed uv little income ]","[passed uv little income ]"
"[passed uwv ]","[passed uwv ]"
"[passed much revenue ]",[passed much revenue ]
"[would like know passed much revenue uv ]",[passed much revenue ]
"[know passed much revenue uv ]",[passed much revenue ]
"[possible know passed much revenue uv ]",[passed much revenue ]
"[know uv ]","[know uv ]"
"[passed uv ]","[passed uv ]"
"[please tell passed much revenue uwv work]",[passed much revenue ]
"[please tell passed uwv work]","[please tell passed uwv work]"
"[please tell happens go part work  ]","[happens go part work ]"
"[please tell happens go work ]","[please tell happens go work ]"
[know passed uv],[know passed uv]
"[income affect unemployment benefits ]","[income affect unemployment benefits ]"
"[please let know income affect unemployment benefits ]","[income affect unemployment benefits ]"
"[income affect unemployment benefits ]","[income affect unemployment benefits ]"
"[possible know income affect unemployment benefits ]","[income affect unemployment benefits ]"
"[would like know income affect unemployment benefits ]","[income affect unemployment benefits ]"
"[get know income affect unemployment benefits ]","[income affect unemployment benefits ]"
[would like know unemployment benefits ],[would like know unemployment benefits ]
"[unemployment benefit stops go work ]","[unemployment benefit stops go work ]"
"[revenues deducted unemployment benefit instead hours ]","[revenues deducted unemployment benefit instead hours ]"
[please let know unemployment benefits],[please let know unemployment benefits]
"[report income uwv ]","[report income uwv ]"
"[report income uv ]","[report income uv ]"
"[could one report income uv ]","[could one report income uv ]"
,
"[deducted unemployment benefits ]","[deducted unemployment benefits ]"
,
"[specific question ]","[specific question ]"