Predicted,Ground truth 
"[get advance current unemployment benefit ]","[get advance current unemployment benefit ]"
"[get breakdown payment ]","[get breakdown payment ]"
"[received letter uwv interference uwv states income determined based income october correct ]","[received letter uwv interference uwv states income determined based income october correct ]"
"[im called uwv pass income interference ]","[im called uwv pass income interference ]"
"[amount payment ]","[amount payment ]"
"[get back overpaid contribution health insurance health insurance act ]","[get back overpaid contribution health insurance health insurance act ]"
"[unemployment benefits ]","[unemployment benefits ]"
"[receive first payment unemployment benefits ]","[receive first payment unemployment benefits ]"
"[change amount payment ]","[change amount payment ]"
"[kindly describe ]","[kindly describe ]"
"[benefit paid monthly every weeks conversion ]","[benefit paid monthly every weeks conversion ]"
"[unemployment benefit less sickness ]","[unemployment benefit less sickness ]"
"[please show shall unemployment benefit less sickness benefit ]","[please show shall unemployment benefit less sickness benefit ]"
"[one unemployment benefit less sickness ]","[unemployment benefit less sickness ]"
"[shall unemployment benefit less sickness ]","[unemployment benefit less sickness ]"
"[would unemployment benefit less sickness ]","[unemployment benefit less sickness ]"
"[one unemployment benefit less sickness ]","[unemployment benefit less sickness ]"
"[specific question ]","[specific question ]"