Predicted,GT
[change form submit ],[change form submit ]
[change form ww ],[change form ww ]
[change form submit change form ww],
,
[change form ],[change form send duplicate ]
,
,
[change form ww already inside ],[change form ww already inside ]
[change form let know ],[change form let know ]
[change form ww ],[change form ww ]
,
[made mistake completing ],[made mistake completing ]
[want report change ],[want report change ]
[report change form need ],[report change form need ]
[report change form ww ],[report change form ww]
[report change form need ],[report change form need ]
[want report ],[want report sick]
,
[recovery report ],[recovery report ]
,
[happens unemployment benefits go abroad reason vacation ],[unemployment benefits go abroad reason vacation ]
[please let know happens unemployment benefits go abroad reason vacation ],[unemployment benefits go abroad reason vacation ]
[unemployment benefits go abroad reason vacation ],[unemployment benefits go abroad reason vacation ]
,
[unemployment benefit detention ],[unemployment benefit detention ]
[needs done unemployment benefit detention ],[unemployment benefit detention ]
[please let know ],[please let know ]
[specific question ],[specific question ]