predicted,GT
"[get advance ]","[get advance ]"
[possible get advance first month unemployment benefits ],[possible get advance first month unemployment benefits ]
"[check status application ww ]","[check status application ww ]"
"[examples please tell would check status application ww ]","[examples please tell would check status application ww ]"
,
"[much deposit ]","[much deposit ]"
"[deposit ]","[deposit ]"
"[get advance ]","[get advance  ]"
,
"[call one uwv connection applying unemployment benefits ]","[call one uwv connection applying unemployment benefits ]"
"[status application via ww uwv data match ]","[status application via ww uwv data match ]"
"[view application via ww uwv data match ]","[view application via ww uwv data match ]"
,
"[check status application ww uwv ]","[check status application ww uwv ]"
"[status application ww uwv ]","[check status application ww uwv ]"
,
"[status application ww ]","[status application ww ]"
"[possible know status application ww ]","[status application ww ]"
,
"[would like know status application ww ]","[status application ww ]"
,
,
"[im advance ]","[im advance ]"
"[get know im advance ]","[get know im advance ]"